id,first_name,last_name,email,gender,genre,city,uid
1,Chan,Shimwell,cshimwell0@auda.org.au,Agender,Comedy|Drama,Prang Ku,815d1f3bf768803b4ce1705c99387f3770909e02
2,Aluino,Doody,adoody1@pinterest.com,Genderqueer,Comedy,Ronfe,d88735121fc0f5ed8c77fb88985efc883596b03d
3,Sonnie,Mirando,smirando2@odnoklassniki.ru,Agender,Documentary,Chencun,b5e0df5f96f40d8f694be8dab6b1cd5e37b51ab5
4,Larissa,Veryan,lveryan3@pbs.org,Male,Documentary,Yeoju,85ff2555c83b83a8c5c50f210e29eb79d50261e6
5,Gualterio,Hathwood,ghathwood4@stumbleupon.com,Genderqueer,Comedy|Romance,Froly,478c622e6baa92bc5377821771ad141a43c97530
6,Lyssa,Antonijevic,lantonijevic5@nydailynews.com,Non-binary,Comedy,Nanlü,28c4d42aaaf0a8a34ec5bce3c1dc1b65be70e632
7,Greer,Burt,gburt6@eventbrite.com,Agender,Thriller,Ōmura,3a4d5899d6e5bd440e2da1a7cc7e95a20f576e5c
8,Karalynn,Bakes,kbakes7@house.gov,Bigender,Drama,Piškorevci,2e075a8f74a68be3fed5082cfa1238e23ef53aba
9,Arlette,Cambridge,acambridge8@reuters.com,Female,Drama,Néa Vrasná,8b04eab96152a8b483702d6fa8d38c00844fafce
10,Reinwald,Bernet,rbernet9@tripod.com,Female,Action|Comedy,Cielądz,9bfb9975f576209cb0f590585c902d86ca57b9bb
11,Jandy,Hobbing,jhobbinga@tiny.cc,Agender,Comedy|Drama,Dhrosiá,08b2b65928bf95c5e01ee232b9a60f88e53cbd39
12,Shawn,Mandre,smandreb@amazon.co.jp,Non-binary,Adventure|Animation|Children|Comedy|Fantasy,Gaplokan,ef3f0e2211bc780b26df14be169345126e731bd6
13,Stacie,Gripton,sgriptonc@surveymonkey.com,Polygender,Action|Crime|Thriller,Chencun,5f8576b8dd7443bae53ce5720d5cd99faae31cf3
14,Chen,Lindgren,clindgrend@bigcartel.com,Bigender,Action|Children,Waina,ec91fc1c497ac3ecbb84ae3c410bbc055ffb573e
15,Tamara,Gurdon,tgurdone@ox.ac.uk,Non-binary,Comedy,Mulyorejo,f82000a685697cfba9eba7bde7bed3766c20525e
16,Windy,Dwerryhouse,wdwerryhousef@alexa.com,Bigender,Comedy|Drama|Romance,Ashcroft,ee3388ff1c1f64b28309b272e6c5d0b752374f64
17,Marcile,Caldaro,mcaldarog@sphinn.com,Genderqueer,Drama|Horror|Mystery|Thriller,Caticugan,ea7c6739b7fb108774c6e0263de823aaaa027d6f
18,Millisent,Uttley,muttleyh@blogspot.com,Male,Drama,Zhenxi,09dbc72fdc9d957fd4fd088cd8ce546db6d302da
19,Leena,McGettrick,lmcgettricki@diigo.com,Male,Drama,Marietta,650df8f67d618db65d886c13ba31eb88956bddd4
20,Ottilie,Stubbings,ostubbingsj@opensource.org,Agender,Comedy,Magdug,cffd434530dcf3474758a25ae2ffff26b10cd77d
21,Gunner,Andino,gandinok@smugmug.com,Female,Action|Adventure|Children|IMAX,Cincinnati,551ecb6a003c471f185d90382305c1491aba524e
22,Timmie,Janczak,tjanczakl@sciencedirect.com,Bigender,Adventure|Comedy,Beigong,c97fc526e65e18829895892b0d374d1b7594010a
23,Husain,Leemans,hleemansm@ustream.tv,Male,Comedy|Musical,Timrå,0220b06ad31247412013f2dbbac22b0555debf28
24,Antons,Keggin,akegginn@nbcnews.com,Agender,Comedy|Musical|Romance,Kanbe,1c85da100f1b9ce770d5d9f0a99d042ff481e5d9
25,Tandy,Matas,tmataso@typepad.com,Non-binary,Drama,Podstepki,40b9e99e049171d2ba561e60c2caf33eee5d514c
26,Ree,Boorman,rboormanp@barnesandnoble.com,Female,Action|Drama,Ilmajoki,78129d5c16817701d2ce0205459a7c62e13bbfb6
27,Eada,Eisig,eeisigq@vkontakte.ru,Bigender,Action|Drama|Thriller|War,Hongde,7bb45e2667cd005c341959559f48f1d05dfbf303
28,Antonietta,Ounsworth,aounsworthr@instagram.com,Polygender,Comedy|Crime|Musical,Frolovo,0fbfcf770dca3cb6df1461623227fdeb9b8ebc69
29,Adriane,Ragbourn,aragbourns@economist.com,Female,Drama|Mystery|Thriller,Houston,ad34c55d97a2fa03a12ef8d4132d54cfbf89ddb9
30,Klara,Whissell,kwhissellt@mapy.cz,Agender,Drama,Lashio,218082043a2483ac57dffdce65e3ec89fcac96ff
31,Griffith,Tothacot,gtothacotu@vistaprint.com,Male,Action|Comedy|Crime,Millet,9d50d4ae1791fa10fc215f4b7663c3a7a036f104
32,Margit,Musson,mmussonv@com.com,Polygender,Drama|War,Newmarket,09fe2536abac0b0747b365cd313d9d460dfb7790
33,Tiphany,Pipping,tpippingw@webmd.com,Genderfluid,Drama,Pervomayskoye,275b3e0469e02f6fbd9a95fcc8130a233acd06f6
34,Gillan,Horburgh,ghorburghx@printfriendly.com,Genderqueer,Comedy|Horror|Mystery,Hongyanxi,b4baa5a50a63a096712b18d0d4d7e9f4fb469c68
35,Gertrudis,McGrath,gmcgrathy@vistaprint.com,Genderfluid,Documentary|Musical,Handan,834319dbbdf08f38c90413a4eac9a4abdded02a0
36,Cordie,Gale,cgalez@ameblo.jp,Non-binary,Comedy|Romance,Zhulebino,44a97dd07d2bfaeac60fb4ea558402099c158ed0
37,Noam,Towsey,ntowsey10@accuweather.com,Female,Horror|Thriller,Yeghvard,6e797c0ca1536dfe1186ece0934f8cd0d9b68789
38,Isac,Tomasino,itomasino11@omniture.com,Agender,Horror|Mystery|Sci-Fi|Thriller,Moravská Třebová,bcdabc1b0003c0347aa75426ef836487a9496ee9
39,Giffie,Beevors,gbeevors12@sciencedirect.com,Agender,Action|Thriller|War,Sztum,26c08a88e7a7563ee0cb24756d23dfe9f4ff5f4f
40,Kahlil,Bridgett,kbridgett13@oakley.com,Agender,Adventure|Animation|Children|Fantasy|Musical,Nankāna Sāhib,a18df5d4b54ccd188ed0a2d3c47a7a454f3751bf
41,Allister,Norwich,anorwich14@bizjournals.com,Genderfluid,Children|Comedy|Drama,Gornyy,de705aabf07ef855e24523dbe6b477777780ac66
42,Ava,Perago,aperago15@virginia.edu,Agender,Drama|War,Omaha,84557e583f69579cc7ed4c51b1bd10060fb7f40a
43,Rhea,Kerfut,rkerfut16@ocn.ne.jp,Non-binary,Drama,Lucan,a4134fef201679d5bb955a4f3092bd18643420a9
44,Elwyn,Purkins,epurkins17@nhs.uk,Non-binary,Drama,Labuhan,47b484e7732d4e53e5fb17c039d9262dde640b32
45,Marcello,Lidgett,mlidgett18@npr.org,Female,Documentary,Sapouy,bebdaefe199a7102583d5b8a9f28a8965d8816ca
46,Burke,Toward,btoward19@rakuten.co.jp,Genderfluid,Crime|Thriller,Xinxing,200b7b4dc91047254154f35339556b8984b20332
47,Jaclyn,Goldis,jgoldis1a@example.com,Bigender,Action|Adventure|Sci-Fi,Gading,cd9dd80913756c905a40040ecfb7117d93cfaba6
48,Daffie,Readwin,dreadwin1b@cyberchimps.com,Female,Horror|Mystery|Thriller,Kallar Kahār,8bacee2da64e089cc577f448a0d2f38aa9a1e2de
49,Rutter,Fould,rfould1c@nbcnews.com,Polygender,Comedy|Crime|Drama|Fantasy,Qiankeng,a6c44a936c7d019d5e607c1f5f2a1ec8ed865af1
50,Alaric,Duggon,aduggon1d@icio.us,Female,Drama,Albufeira,b744858ee1a24ae056880dbcdfb7779968a4111f
51,Manda,Dillway,mdillway1e@icio.us,Male,Comedy,Shifang,38d6e826f2b86c472ff468e7ba284ad3f9de39f6
52,Aurie,Kraft,akraft1f@home.pl,Agender,Action|Adventure,Zhuli,5f85f64428f83459fb85e4f68af8b3c7597862dd
53,Hubie,Gavrielly,hgavrielly1g@privacy.gov.au,Agender,Drama,Lannion,9e3d440f82843bb8c7f73b43c1ba7134ddfe0534
54,Maddie,Matula,mmatula1h@surveymonkey.com,Polygender,Drama,Huiwan,17cf0285defe768fdb65d058f76866afa40e3b30
55,Charmain,Joselson,cjoselson1i@constantcontact.com,Male,Comedy|Drama,Ligang,7bd2345a601dc9efcaf710b57a51424fb2ff0496
56,Gunner,Meacher,gmeacher1j@bandcamp.com,Polygender,Comedy|Drama|Fantasy|Mystery,Nkayi,56ae9c6679ee81538ab85dead77b6a13fcc4b6c1
57,Kendra,Newcomen,knewcomen1k@sun.com,Bigender,Crime|Drama,Oulad Frej,1bed1636233b62e412adf18ca41aeac85d16ab7d
58,Sholom,Bibey,sbibey1l@photobucket.com,Genderfluid,Action|Comedy|Crime,Leipzig,eae9f0d4c164a34940d4c690d53538fc820e8f89
59,Brock,Lotherington,blotherington1m@berkeley.edu,Genderfluid,Horror|Thriller,Obas,4ce69d0b7bb7c48a128af6b2f583b612dbbb428f
60,Becka,Smithyman,bsmithyman1n@narod.ru,Agender,Comedy|Thriller,Wedangtemu,5fbcf5bc5a15b8b4313cd24a12db912a7ab3a8b8
61,Esmeralda,Jeanon,ejeanon1o@digg.com,Genderfluid,Drama,Austin,aac83a6801a905b552459749d285786db8887ae3
62,Bronny,Reinard,breinard1p@skype.com,Genderfluid,Action|Crime|Thriller,Ōiso,c1b5061edc33ebe0aa81ebc779cdc99dfc713c9d
63,Vern,Lissaman,vlissaman1q@wikimedia.org,Genderfluid,Documentary,Malhou,fa541302fc868ff142698c2f122a237d8a393622
64,Starlin,Gostling,sgostling1r@businesswire.com,Non-binary,Crime|Drama|Horror|Thriller,Daogao,e817ce3da44f9100c16b16eb2fca5faa5580f031
65,Tera,Labone,tlabone1s@devhub.com,Agender,Comedy,Tando Jām,4d8901b77f4dbaf015e92037e53d68783a0dc8c0
66,Staffard,Proudlock,sproudlock1t@harvard.edu,Bigender,Comedy|Drama|Romance,Skorogoszcz,fc037664e493ec32aeca907ce9a71ce2c961dd26
67,Merrie,Randerson,mranderson1u@usatoday.com,Bigender,Drama,Konstantinovo,adb1ccbaf83f3d8db004c580bf56c9fab2a6f143
68,Isak,Merrifield,imerrifield1v@unesco.org,Polygender,Crime|Documentary,Banjar Bau Kawan,faa82512bf463185c504030c9c0f59f42305a20d
69,Brnaba,Casley,bcasley1w@msn.com,Bigender,Comedy|Crime|Mystery|Thriller,Mont-Tremblant,8a356bc6d4afaa0bf73fe3eb40f71c0503eb6f3e
70,Jeffrey,Bond,jbond1x@usa.gov,Bigender,Comedy|Horror,Tapiramutá,89547baf56c4278e9075ff2dc4c80dc15e399369
71,Jordan,Verheijden,jverheijden1y@mail.ru,Male,Drama|Romance|Sci-Fi,Maebashi-shi,d9e1f1749888fdf7f60cb540a63337010a4d7c25
72,Indira,Loffill,iloffill1z@1688.com,Agender,Comedy,Orlovskiy,9dfec4079dd5ac752fecf41a4e29427cea661ec5
73,Kissie,Cotton,kcotton20@sogou.com,Female,Comedy,Jingkou,c62a84f5689dcbc453db91b3387d83befdd292e6
74,Albina,Cutmare,acutmare21@hhs.gov,Male,Animation|Comedy|Horror|Musical,Bakalang,373144bf9708cf9627597ef0aa8d0a40cb182130
75,Stewart,Hemerijk,shemerijk22@mapquest.com,Genderfluid,Horror|Mystery|Thriller,Ribeiro,5197a64eb79f8ffaac94d56666492d1290d04345
76,Lilian,Charlo,lcharlo23@imgur.com,Female,Crime|Drama,Pul-e Sangī,59ae7f900ba030a11b129c4ff198575d5324d7c9
77,Prescott,Asple,pasple24@twitter.com,Agender,Comedy|Thriller,Litian,490ed0cffd77cc16edd91e57c61ae55ba4aa0fed
78,Lane,Lassetter,llassetter25@woothemes.com,Non-binary,Action|Sci-Fi|Thriller|Western,Tegina,9a674d99115bb566d28311eec5f250cacd8a3e54
79,Josie,Luebbert,jluebbert26@linkedin.com,Polygender,Drama,San Quintin,0d139a2fe1c5a259691dcf2b9c953683071dbd97
80,Athene,Woof,awoof27@blinklist.com,Genderfluid,Horror,Qijia,d7b8fa4189d5136944bfa7230e97f6b28b379f08
81,Gui,Davidek,gdavidek28@narod.ru,Genderqueer,Drama,Taiping,ef776b80a5a2c9d5c48bae9af037c40c08f6cd7a
82,Conn,Kernoghan,ckernoghan29@google.com.au,Polygender,Drama,Kotingnatagete,b64b26ef4c18497bb3fd4f4381a13a15140a3eb5
83,Maressa,Hefner,mhefner2a@ihg.com,Polygender,Drama|Film-Noir,Haapajärvi,2a2b40238c3329fd051cd7789cc2089b579439f3
84,Ev,Giacopazzi,egiacopazzi2b@360.cn,Bigender,Sci-Fi,Charenton-le-Pont,c3dee37bda0332ed62a61d76c9d82f92b79cc79f
85,Worden,Trynor,wtrynor2c@moonfruit.com,Non-binary,Drama,Piła,299ff4bef62ede26a352335f954e090a890b9313
86,Lamar,Tointon,ltointon2d@dell.com,Non-binary,Sci-Fi,Bandarbeyla,45f588498c6ef9e2905bafebe3fc8463b93768ca
87,Harmon,Weakley,hweakley2e@seesaa.net,Genderfluid,Comedy|Western,Ouro Branco,702204faf68df57c757f508c3cdfefd29cdbb397
88,Cash,Batham,cbatham2f@mediafire.com,Polygender,Documentary,Alzamay,0a637eb4f8f31437712878a5e7b21f3f974d41f8
89,Lew,Ranby,lranby2g@netvibes.com,Genderqueer,Animation|Comedy|Mystery,Himeville,0541fdb10aad6c20caadcc5b06cf6be5e83c21f8
90,Codee,Hazlehurst,chazlehurst2h@meetup.com,Agender,Animation|Comedy,Sandefjord,2c25c55b89f78f696f37d176ab88730714ab8191
91,Shalne,Bermingham,sbermingham2i@zdnet.com,Non-binary,Drama|Romance,Seto,fcae2814f4f3257321011360990d3e89abebe4c7
92,Eugene,Pesek,epesek2j@amazon.co.uk,Non-binary,Drama,Shankeng,c47cc09efca573f8155ee01bc066d2a6d30a593e
93,Shirley,Freer,sfreer2k@nature.com,Agender,Drama,Zhuoshui,b3466bf858c4d049433168b4ccdb3aa803316086
94,Aveline,Peer,apeer2l@amazon.de,Genderqueer,Drama,Taquara,1dab8c58a0db043d44260a3bc732f918c46d3bc8
95,Anet,Medcalfe,amedcalfe2m@blog.com,Bigender,Crime|Drama|Film-Noir|Romance|Thriller,Svilajnac,4a4ca250f7ffe90b1bf2fbb449cc5df40e768c24
96,Regina,Curmi,rcurmi2n@buzzfeed.com,Polygender,Comedy|Drama|Romance,Świnna,a3c7e26be0e62a1b15c4959386cbfee914448627
97,Kermit,Togwell,ktogwell2o@hud.gov,Agender,Drama|Romance,Gargaliánoi,2c408f9a089b0bdd5ef7192049d0c63efd52bf63
98,Dwayne,Hrachovec,dhrachovec2p@foxnews.com,Non-binary,Comedy,Tayum,15cbfdd20ddb8751598d7117bb3a7af74a79deab
99,Amaleta,Carbett,acarbett2q@prnewswire.com,Female,Documentary,Comagascas,68eb172279b8d7d22ec63675abfc07e2b4fc308e
100,Wilmer,Hanwright,whanwright2r@nyu.edu,Polygender,Action|Sci-Fi,Sukaraharja,a0b07aef23c18e987d65fbd703c78aafafdec124
101,Benedikt,Duce,bduce2s@digg.com,Male,Comedy,Marmárion,abb5682689115bf28335ce4d0231fab5c652129d
102,Idell,Wahner,iwahner2t@amazon.co.uk,Genderfluid,Comedy|Drama|Fantasy|Romance,Harian,a6055ae1833916c7217a3b91fdb547da2267b7c6
103,Ingunna,Golthorpp,igolthorpp2u@loc.gov,Bigender,Comedy|Drama|Romance,Monção,5fbb3750c8bb5ffb449816d5cc3ce6789e1d0dcf
104,Pascal,Oakeby,poakeby2v@github.com,Male,Children|Comedy|Sci-Fi,Sukorejo,3a5a8bba5caceb58a8cff450fa3317e997024215
105,Emmaline,Archer,earcher2w@vimeo.com,Genderqueer,Comedy,Heerlen,1f5296e0b6f3cbc143726e122b43202e3844b53e
106,Camila,Loch,cloch2x@newsvine.com,Agender,Action|Sci-Fi,Ardirejo,1a461d05be7d9e7ec8734e57225ce6c6799e2b74
107,Barry,Dunnan,bdunnan2y@cnn.com,Male,Action|Adventure|Crime|Thriller,Totoral,27ab92d238227dc2ce7d04789ab4c8360fbb0ab3
108,Rodi,Fricker,rfricker2z@usatoday.com,Non-binary,Action|Thriller,Santa Cruz,568a7da3ec3864c924d475405eb3dfa34a1aa891
109,Bobbe,Haddeston,bhaddeston30@blinklist.com,Agender,Comedy|Drama,Nacaome,7802f5db44cbddbf87f293a6c4bedb47a2b1c90e
110,Ezra,Brosius,ebrosius31@goodreads.com,Female,Crime|Drama|Thriller,Changping,57763ff88418b38b084132e3bc1461d1170e3aa1
111,Dulce,Dightham,ddightham32@washington.edu,Bigender,Horror|Thriller,Coronel Martínez,aae3eac69303f83a6dbe43ebda3c94ff6247ce79
112,Thedrick,Bozworth,tbozworth33@mayoclinic.com,Genderfluid,Comedy,Langford,b631a9334300235401ba12a6674776b419a91a07
113,Odell,Hagan,ohagan34@techcrunch.com,Agender,Romance|Western,Bluri,abe7ad3ce6f5400ffc8b684d5a3b53f550fd81be
114,Shirl,Rentelll,srentelll35@icio.us,Female,Sci-Fi|Thriller,Seara,54b12f2b2db1013b5eb1a6173b9fbc4f84d2a82e
115,Jackelyn,Rennix,jrennix36@ucoz.ru,Agender,Comedy,Chumphon,29265cf8c9cad210e4dc00de1849a2bf6323b017
116,Edsel,Boatwright,eboatwright37@furl.net,Female,Comedy|Drama|Romance,Wangchang,ecd8e908a64ef9b1e1cd588c1be0de68ec47f23a
117,Correy,Petrina,cpetrina38@yellowbook.com,Female,Documentary,Guankou,64e7a4e9be4abe5d09e995977b9a1f0ce64779bf
118,Pierce,Renowden,prenowden39@oaic.gov.au,Male,Comedy,Drawsko,4d223da26c08d4dddae81d6760da0efd1d68a6fc
119,Laureen,Biggar,lbiggar3a@indiatimes.com,Male,Comedy,Dvůr Králové nad Labem,c0789818598b5d117d19908852736ee60e5870ea
120,Mellie,Sturges,msturges3b@amazon.co.uk,Female,Action|Adventure|Comedy|Sci-Fi,Yashio-shi,82b0d8834adff3599ca82eb9acbe17a011aa8b3a
121,Gordan,Winslett,gwinslett3c@chronoengine.com,Bigender,Drama|Thriller,Venlo,0f221b6a721866e301b95e14d34c638920954a68
122,Ivonne,Raymen,iraymen3d@theatlantic.com,Genderqueer,Comedy|Crime,Pančevo,abd7d8641d83dfc5da0b2ce9b79353039490313b
123,Nestor,Knewstubb,nknewstubb3e@nymag.com,Bigender,Drama,Dykan’ka,00b1718bfe0b18da971dcb928eec790d300237c4
124,Andromache,Reed,areed3f@nyu.edu,Non-binary,Documentary,Sanjing,c43479614bbab9e8fd32d82ec3f9b768de6ac353
125,Delano,Bachelor,dbachelor3g@fotki.com,Genderqueer,Comedy|Sci-Fi,San Diego,c518730445e97bb064877f5a63d6b0a6b763c631
126,Laurena,Romaines,lromaines3h@salon.com,Polygender,Drama|Romance,Khvorostyanka,a009d5b5c82465815a63344e8baea56006610d3d
127,Caddric,Tytherton,ctytherton3i@mayoclinic.com,Female,Documentary,Luklukan,621c6351f4b83172ba6103346724f5ee9f863119
128,Luther,McKinlay,lmckinlay3j@adobe.com,Genderqueer,Comedy|Musical,Olovyannaya,ca1c8d92902be1e97a6ebaf5168dd18aabc4409d
129,Nanny,Eastham,neastham3k@java.com,Male,Crime|Drama,Newport Beach,c9a4a2f24ec9a011d1368406209e857cdae96e2b
130,Tallulah,Kohrs,tkohrs3l@flickr.com,Female,Adventure|Drama,Albion,218c828e755b8d886aa9c0fe80a9f45f2d70fdda
131,Sherm,Throughton,sthroughton3m@typepad.com,Agender,Action|Sci-Fi,Kebon,2c003f29a669a51335267168b5ca0a9fb7282a5b
132,Gabriella,Luxmoore,gluxmoore3n@dyndns.org,Agender,Comedy|Drama,Trzciana,49a3bbe138bd21fc89fe70bc62d2efbd9031b553
133,Aldrich,Ortelt,aortelt3o@amazon.co.uk,Non-binary,Drama,Shangtuhai,6215e7818f39dc64e5bedd8b00fa9d870dd43113
134,Bron,Hane,bhane3p@cbslocal.com,Agender,Comedy,Rongwo,508a139dbb96ae2b8926dfe5805a88e394d4d1e9
135,Panchito,Tharme,ptharme3q@arstechnica.com,Genderfluid,Drama,Athmuqam,f4a1410805f353c9502d3144056cc9103e128b64
136,Norine,Jeanet,njeanet3r@tumblr.com,Agender,Children|Comedy,Kalapagada,401d584f785cb8c0c6dcc4cd7e7880d8b2ba97d4
137,Jobie,Ralph,jralph3s@theatlantic.com,Genderqueer,Comedy,Brovary,5e38743463d0a9b87e0494c65f642b521e415e2d
138,Jaynell,Otley,jotley3t@amazonaws.com,Polygender,Comedy,Vendargues,bd9e09d9da2b91c5c9a890e8812877d8a31ca052
139,Odelle,Ply,oply3u@reference.com,Agender,Comedy|Crime|Drama|Mystery,Tianzhu,af7a036a06e3286d0c254562ae94ea2b832f471b
140,Marysa,Gerger,mgerger3v@youtu.be,Genderfluid,Comedy|Drama,Wonoharjo,2a1f5f50f43adba25964859bde6f1cd6cadfe46b
141,Esta,Whiteley,ewhiteley3w@wikipedia.org,Female,Comedy|Documentary|Horror,Legionowo,b6fe7b407dde0aae72337f21e8197ff02b6c592b
142,Kial,Catchpole,kcatchpole3x@arstechnica.com,Non-binary,Documentary,Coroico,1a9a86804f9f4baaa702461808fcc5fee85ddbd4
143,Mirelle,Crus,mcrus3y@wisc.edu,Genderqueer,Comedy|Drama,Kortesjärvi,866d0a741a1084cfd5e79a5b30c1b2df5dde242b
144,Gerrie,Wonham,gwonham3z@mail.ru,Polygender,Drama,Iţsā,d1892a0c116360259866ff58eb1e73954ceb7f72
145,Janey,Harragin,jharragin40@mtv.com,Genderqueer,Drama,Chengji,2e3dfcbdf8585027827323fc923c3d9147f25973
146,Ailis,Spurr,aspurr41@shareasale.com,Female,Comedy|Drama|Romance,Boavista,239ca7e73f326c056ab1fd7db9c996d4ce040e0a
147,Shantee,Braghini,sbraghini42@china.com.cn,Male,Comedy|Fantasy|Romance,Iłowo -Osada,9a5c4aee2f5a625dcb8f21f23b76f0fcfcca0b88
148,Lana,Kisby,lkisby43@is.gd,Agender,Comedy|Drama,Chekhov,b7fbf52b1faa67c912ecd03f02df5f520f7c8dbf
149,Bobette,Brugden,bbrugden44@comsenz.com,Male,Crime|Drama|Mystery|Thriller,Kachia,33c5df71e35ad024be11ca2273c096a2485036e3
150,Trudi,Libbie,tlibbie45@ebay.com,Non-binary,Comedy|Drama,Marāveh Tappeh,6b5cdb0bc97b1f262ca4d8af87b8ff3896243b5b
151,Eben,Benny,ebenny46@indiatimes.com,Bigender,Drama,Punolu,eb533e9a1797d0f11a4580f5595d9ff00f6815e7
152,Ina,Souza,isouza47@nifty.com,Bigender,Documentary,Oroquieta,e463ce88bab321ea38341a93e9cf281d9cada47a
153,Penni,Pietrzyk,ppietrzyk48@instagram.com,Agender,Drama,El Bálsamo,0e85d22a20e271f73cd282c6326e890c9d48ef9d
154,Kelsey,Scoggin,kscoggin49@networkadvertising.org,Male,Drama|Sci-Fi,Kedungbacin,4eaae6610c6b5d512413f98ce867b98c1805817c
155,Nil,Treslove,ntreslove4a@wikispaces.com,Non-binary,Action|Crime|Drama|Thriller,Chodová Planá,88c48e25734130a34080368dec61f6fea22e6bb3
156,Dukey,Drinkhall,ddrinkhall4b@nih.gov,Genderqueer,Children|Comedy,Ognevka,97f2da59849def1b888b656017e812c9040fef8b
157,Katee,Renihan,krenihan4c@drupal.org,Agender,Action|Adventure|Drama|War,Mīrwāh Gorchani,66e75d15ce50b32074467718c8c5ce5e0df1e6c1
158,Joleen,Napoleone,jnapoleone4d@nasa.gov,Genderfluid,Comedy|Drama|Romance,Burgos,35660eb5b8377ba45b0178607f96663393f06528
159,Elene,Hunnicot,ehunnicot4e@jalbum.net,Female,Crime|Drama|Thriller,Shirbīn,abb80db01310b482e21843096e2ce9ec3e84bf35
160,Sherry,Daugherty,sdaugherty4f@soup.io,Non-binary,Sci-Fi,Melchor Ocampo,49ecead7f7cafaa9115160802eb4ecc74790fa2c
161,Ebenezer,Pitcaithly,epitcaithly4g@berkeley.edu,Genderqueer,Action|Adventure|Sci-Fi,Ambohitseheno,f2f81e984b9644fa2339388cbd655eea79b73dba
162,Sherilyn,Zorzini,szorzini4h@marriott.com,Non-binary,Comedy,Tomigusuku,3f86dba473b67e4d3680c0c0cd6ffc3fea4e6e10
163,Gretna,Pressman,gpressman4i@imdb.com,Agender,Comedy|Crime|Drama,Rio Claro,cf1da42ad24485ad45e2080d50ac78f454d928c0
164,Johny,Rein,jrein4j@over-blog.com,Non-binary,Drama,Garden Grove,78423d7244d5b5aeca6c205d0306968d342846ef
165,Jessamyn,Gaize,jgaize4k@vimeo.com,Male,Animation|Comedy|Musical,Dranoc,f3ad97cbe30ad0d35d83673e842e37f8bd911ca7
166,Siobhan,Cafferty,scafferty4l@slideshare.net,Male,Drama|War,Lahad Datu,2c4dfce65a0178f76923a674e35e00c485d1a415
167,Anya,Ornillos,aornillos4m@cdbaby.com,Agender,Adventure|Comedy|Horror,Amphawa,ba3d7b06b03b026a3b4da0b657d439b3e4f38ac8
168,Dianemarie,Manners,dmanners4n@hatena.ne.jp,Male,Comedy|Drama,Orléans,6fa5c9e0e358edc3dce4c54aaa39654129f8c884
169,Rasia,Blasius,rblasius4o@ibm.com,Non-binary,Crime|Film-Noir|Mystery|Romance,Chancay,3651ccf841753f18095e9ce4870f92f2a4fd19dd
170,Farr,Lockton,flockton4p@microsoft.com,Agender,Comedy,Veles,ee4914591201cec744300973a32f21703fe05684
171,Oliviero,Maseres,omaseres4q@shop-pro.jp,Agender,Drama|Thriller,Fengkou,c61b67929735b6f19e863d523122325dcc992d2f
172,Dell,Marcq,dmarcq4r@usatoday.com,Non-binary,Drama|Fantasy,Monastir,97395241e3a6029930f2836482624eb847002a3c
173,Estrellita,Santora,esantora4s@zdnet.com,Female,Action|Drama|Thriller,Leudelange,3d915a174092b547bea8aae471109169d4bac996
174,Karol,Bullough,kbullough4t@bizjournals.com,Genderfluid,Comedy|Drama,La Esmeralda,490ef516a5a1ceabc1673590eed3895198912cc7
175,Garnette,Porcher,gporcher4u@elpais.com,Genderfluid,Comedy|Drama|Romance,Starotitarovskaya,0bf0148a49aee1dc64d508d751092bfd119ce89e
176,Kathlin,Lawless,klawless4v@lycos.com,Female,Comedy,Altanbulag,901498fd92df5706c8c086a73813a1ec86c457ff
177,Yetta,Ballister,yballister4w@homestead.com,Male,Documentary,Karangmulyo,ebd645a25ea26f1121ae9fb1bd02377781d38e96
178,Zaria,Jorgensen,zjorgensen4x@eepurl.com,Polygender,Drama,Charlotte,f0968d5695ae7330cc34cd490a3cab28d9fd8066
179,Leighton,Elderfield,lelderfield4y@unblog.fr,Agender,Comedy,Pulap,18023f43d475524b2fd98cd39cc2ac55715f1d0f
180,Porty,Conor,pconor4z@google.cn,Bigender,Action|Adventure|Western,Changning,87265c02c236bfbac52cad716694264923bdc092
181,Neils,Gheraldi,ngheraldi50@tuttocitta.it,Agender,Adventure,Benito Juarez,77fe37920bfc43851400033ad2e190a80b4240de
182,Addison,Ormston,aormston51@digg.com,Non-binary,Fantasy|Romance|Thriller|IMAX,Taipingchuan,1857ce4bef351e63eab6c30a009e6f452082a74d
183,Vladamir,Ricciardi,vricciardi52@prweb.com,Bigender,Action|Adventure|Drama|Thriller,Longxian,d7272e5a6cc103d248c84a27dbd45c8aa4b4d2ed
184,Mathilde,Brennand,mbrennand53@unblog.fr,Agender,Comedy|Drama|Romance,Springfield,16e71f000c057a72909734b492f8d2c89af84b35
185,Hollyanne,Emblow,hemblow54@netvibes.com,Agender,Horror|Mystery|Thriller,Soutelo,7783c3757bd3d0cc5f7ee411fce6dfe01ef47332
186,Levy,Cristoforo,lcristoforo55@hao123.com,Bigender,Crime|Horror|Mystery,Saint-Lambert-de-Lauzon,ac44f76ea73e9a9183547af0659df50ae2c73b3c
187,Bo,Alexandersson,balexandersson56@epa.gov,Genderqueer,Horror,Železniki,1e631f4b3f0c1169a11ebd9c5c8811277bc383d1
188,Nani,Denziloe,ndenziloe57@shutterfly.com,Bigender,Drama|Horror|Thriller,Geoktschai,c2931f9438e1c812f922a3111839a43be69559cf
189,Garnet,Pestridge,gpestridge58@xinhuanet.com,Male,Comedy|Drama,Ipil,dcec299dcd7505ba08bebaea7885b9d5b55d635a
190,Mehetabel,Maleby,mmaleby59@accuweather.com,Female,Comedy,Poteran,ce0fe10aff021fbf41a86a4f8839c5f846745019
191,Bertrando,Burgne,bburgne5a@salon.com,Polygender,(no genres listed),Rivera,1900ceb3804326060accf859105d0d41f563efe5
192,Ashely,Tunbridge,atunbridge5b@over-blog.com,Polygender,Drama|Mystery|Romance|Thriller,Trucuk,ca9b89f2424a02f2bf891b64e07600e086a27cf8
193,Giulio,Allport,gallport5c@chicagotribune.com,Female,Drama,Yongfu,f17a882ee42765cec25a1b621f179d5cc0a8aec4
194,Raoul,Treffry,rtreffry5d@nasa.gov,Genderfluid,Action,Rueil-Malmaison,e9758ac11f141d7663219e4a7f947f30b21a8dee
195,Maryjo,Mainz,mmainz5e@washingtonpost.com,Polygender,Documentary,Siteki,96998a287042cc254e173ba6ccc5eac5c3693ce6
196,Martie,Coonihan,mcoonihan5f@google.cn,Non-binary,Comedy,Uychi,1a226a87b0d291d2396275eeaed094be22913654
197,Joyous,Matashkin,jmatashkin5g@mozilla.com,Male,Crime|Mystery,Sadowie,ccf737c29ad6db74f7612a6e85530fe6314a6668
198,Lincoln,Ribchester,lribchester5h@geocities.jp,Non-binary,Action|Drama|War,Shicong,a0c7fd9ec8cd0872932c3ec9ff760179164e310a
199,Nataniel,Abby,nabby5i@soup.io,Genderqueer,Comedy|Drama,Songon,798767a3be73b0b13e9e98edabfd8ca32913ca07
200,Ruby,Tombleson,rtombleson5j@abc.net.au,Genderfluid,Drama,Nasavrky,dc3f9cbe5850f8de765e680cba590ee7ec85d951
201,Phil,Binnall,pbinnall5k@ihg.com,Non-binary,Adventure|Crime|Drama|Western,Ängelholm,7f5ebc2503bd5db8875a3605264b36ac4398c311
202,Grannie,Hartzog,ghartzog5l@nba.com,Non-binary,Sci-Fi,Villa Paula de Sarmiento,2b304baa8388b6f5bcb9ad203acd19cf2e04ee4e
203,Marta,Duguid,mduguid5m@disqus.com,Agender,Crime|Drama|Film-Noir|Thriller,Madīnat ash Shamāl,45877561f543470ada685d42d6fc4f27a1669cdd
204,Bess,Collymore,bcollymore5n@kickstarter.com,Genderqueer,Action|Comedy|Sci-Fi,Valparaíso,2be17803bd86070fcd0ee31666061036a27a68d3
205,Nada,Nel,nnel5o@xinhuanet.com,Female,Comedy,União,ead255a08a125cf552ae19aef0179ec90181b155
206,Cissy,Mussen,cmussen5p@jigsy.com,Agender,Drama,Itapemirim,c80c6c76cce444b8c1ec462bbd02c7cf4125163d
207,Deidre,Redish,dredish5q@hexun.com,Genderqueer,Documentary,Awarawar,3dd065ab1cb0da1b781794f588e7ddb0ef1ed7be
208,Perla,Cranny,pcranny5r@desdev.cn,Genderqueer,Western,Debar,97f4c941764ea186ee5ccb6e8495aa4fdcda7548
209,Caroline,Gounet,cgounet5s@a8.net,Bigender,Horror|Sci-Fi|Thriller,Jednorożec,5851ec7d9508e95241cf153ef3724c5fe35b7933
210,Neville,Aspole,naspole5t@jugem.jp,Bigender,Children|Comedy,San Rafael,d4eda02e33ddcda415b4d40a73c379611d894e55
211,Catha,Doddemeede,cdoddemeede5u@stanford.edu,Male,Action|Adventure|Comedy|Crime,Maunuri,76f165327cf3c3f4e3bd842fe5b6bf6359baf2b7
212,Keefer,Stack,kstack5v@netscape.com,Female,Drama|War,Erping,ecd6d0b909e11079ea68798152faa5850cb2d61b
213,Ivie,Chamney,ichamney5w@bbb.org,Non-binary,Documentary,Qiganjidie,b889639afe3b311b905dd13e5ce33e35bb19c051
214,Nerissa,Unthank,nunthank5x@columbia.edu,Agender,Comedy|Drama,Pantano do Sul,b73a6a8662d326cd03c40c724455d4e4b57e402c
215,Didi,Haugen,dhaugen5y@tripod.com,Genderqueer,Comedy|Drama,Thị Trấn Nga Sơn,f4abfa8826fa554c0800437249cb6e0e20647fef
216,Livvie,Marlor,lmarlor5z@salon.com,Non-binary,Comedy|Drama,Frutal,9e9bdc2144b06c103a9847127ce0534ecff4d048
217,Carena,Losemann,closemann60@earthlink.net,Genderfluid,Action|Adventure|War,Pendiqing,df19a38eaa56c84ef8acf5a85015dbef51c921e1
218,Brnaba,Waumsley,bwaumsley61@ftc.gov,Genderqueer,Documentary|Drama,Mityana,908169ef59c8a139b7ea221b336e6d510fad94c0
219,Chelsea,Bulfield,cbulfield62@cnbc.com,Genderfluid,Documentary,Livingstone,f9ac0f0d61927e4e66c84beb41495c0f424f31a4
220,Lydia,Bricket,lbricket63@google.es,Polygender,Action,Khŭjand,3b4f2d41121618bcde0b596aaaed5bf4364176ea
221,Wolfgang,Chetter,wchetter64@reuters.com,Bigender,Drama,Al Mashāf,c73bf6f5adba6c34461511f58bfcdf8e95177047
222,Ambrose,Blackmore,ablackmore65@theguardian.com,Polygender,Drama|Fantasy,El Soberbio,fa8e74f78711d530132c37cc3acb6445f60f8aa5
223,Lilian,Ewan,lewan66@lycos.com,Bigender,Action|Adventure|Animation|Mystery|Sci-Fi,Minbu,3831c463ea4743e668bbad7a054c9be2af5daa14
224,Addy,Burkert,aburkert67@yolasite.com,Genderqueer,Drama,Schenectady,79e00f43a99de4f4c796fd228a7ed57c82467d69
225,Cymbre,Cicutto,ccicutto68@who.int,Genderfluid,Western,Poxin,8b9d27832f4e27d5271a1bff73c3759b36699a6d
226,Jennie,Ropartz,jropartz69@google.ru,Female,Animation|Children|Comedy,Guangshan Chengguanzhen,2ba30406dda449bb6a63a084863173069813a4a7
227,Masha,McReath,mmcreath6a@marriott.com,Polygender,Comedy|Romance,Hoani,81a27ceb1439a6e60a2501c4534809e109125dc8
228,Anthe,Caddy,acaddy6b@cbc.ca,Female,Action|Comedy|Crime,Gatak,46a33bf4d838c6e9619026136b51f8a80b9b2a9e
229,Luce,Piddlesden,lpiddlesden6c@dot.gov,Polygender,Crime|Drama|Thriller,Bouça,1f6e300a62c53e9b42996528e1c3608e70faf66f
230,Frederica,Kinglake,fkinglake6d@mysql.com,Agender,Horror|Mystery,Čejkovice,29355862237d578a14dc482cd83afebee65c0aaf
231,Nev,Ambroise,nambroise6e@reddit.com,Polygender,Horror,Tournavista,8aaf8dfcb16cee08e921409ab7532840de0eedbe
232,Cordelie,Dodman,cdodman6f@friendfeed.com,Bigender,Documentary,Taichung,6c0ab4749430b0e1d4368400be92a5b0afdb6351
233,Louise,Carloni,lcarloni6g@123-reg.co.uk,Genderqueer,Crime|Thriller,H̱olon,b59ed4487f06f027c6446e938bf2f2b961597bb1
234,Olenka,Cawley,ocawley6h@scientificamerican.com,Agender,Drama,Augusto Corrêa,74909b87c5c8b6ea6181fd37833ff5f4eb795ff9
235,Adrian,Lake,alake6i@examiner.com,Non-binary,Crime|Drama,Rutana,f913c352bab388a9a0b154c06133ee75dae2b52c
236,Felicio,Stillmann,fstillmann6j@jimdo.com,Bigender,Comedy,Amapala,d4e8e4fa227a7812b73288fbf7a4311ebc2a54ff
237,Cecilius,Stainfield,cstainfield6k@blogtalkradio.com,Agender,Animation|Children,Gorey,396aa74b431420fb32b2d5da843ff704b1809cca
238,Margette,Bellam,mbellam6l@oracle.com,Genderqueer,Comedy|Drama,Belūsovka,8507b013c96e46eae0d3614dc14c9e7318220b63
239,Modesty,Grocott,mgrocott6m@army.mil,Female,Adventure|Romance,Lantang,d4176ca1e31250b8ee40bc765f0e600f1f2f2c2d
240,Lilas,Lofts,llofts6n@ibm.com,Non-binary,Documentary,Annotto Bay,c7a8b9298353b1a9d578a621d2ef865c2cebab5b
241,Dan,Garmons,dgarmons6o@yale.edu,Genderqueer,Animation|Fantasy|Horror|Sci-Fi,Omišalj,0c2eaade17741b84563d4676e460b7992049d4c0
242,Rochette,Fallens,rfallens6p@over-blog.com,Genderqueer,Drama|Fantasy|Horror|Mystery|Thriller,Nol,483e03e1a50a72e1748cce83bdd48cce2b0109fc
243,Tierney,Sommerscales,tsommerscales6q@nhs.uk,Male,Action|Adventure|Fantasy|Sci-Fi,Houston,3465bac7a6bba74cc7852e02cf52ec27ad91e625
244,Jayne,Reding,jreding6r@cargocollective.com,Genderqueer,Drama,Koroyo,2399def08d528695ae96dce4fec50171d914a8a1
245,Philis,Morse,pmorse6s@youtube.com,Female,Comedy|Drama,Velké Hoštice,5d815b418d7ecca0594258c6633bf1399c433986
246,Giorgia,Mabson,gmabson6t@devhub.com,Male,Drama,Gaoshi,d83d2c3340d89cce85be09f276ee7f1ef2de9142
247,Say,Swyer-Sexey,sswyersexey6u@paypal.com,Agender,Drama|Thriller,Barbalha,8dac5bb88b28e5ec4dcaf6d673ecf79ec0f21345
248,Alfreda,Cookson,acookson6v@goo.ne.jp,Bigender,Drama|Horror,Tīkāpur,2bd4b9496aa3a840a2e183e71453fd5243050e2f
249,Haslett,Pengelly,hpengelly6w@nymag.com,Non-binary,Documentary|Drama,Zhujiang,260661eb25ecd0e33ab6eacf05396093c5324f60
250,Brennan,Guslon,bguslon6x@tamu.edu,Agender,Comedy|Horror,Hankazi,f28d5e5102fbc52909d65bdd372a57f54f7ed269
251,Glynda,Swine,gswine6y@qq.com,Agender,Action|Drama,Aimadamodo,268a668953f8454a1ee257267313a7a002c5cb16
252,Virgilio,Hostan,vhostan6z@devhub.com,Bigender,Comedy|Horror|Thriller,Orekhovo-Borisovo Severnoye,0144eb0b7c4477bba2aef985174cecb453897346
253,Solly,Rapinett,srapinett70@weather.com,Female,Comedy|Drama|Fantasy,Allada,b0c0f0df999e70214b810a073160cf1e66f079a1
254,Chrystal,Gowenlock,cgowenlock71@hostgator.com,Male,Horror|Thriller,Siukh,9782571c4abd835d5cf3356fb2a32de9103270fc
255,Amabel,Stannus,astannus72@thetimes.co.uk,Genderfluid,Action|Crime|Drama|Thriller,Situ,663dc24b3f4663d0a1e9b192b4acf0833c896b32
256,Sandi,Raimbauld,sraimbauld73@google.it,Non-binary,Crime|Drama|Fantasy|Romance|Thriller,Santa Clara,6b5f2c50bb8b595e37c67a5ee5c48e0008892f12
257,Joscelin,Skala,jskala74@homestead.com,Male,Western,Zbýšov,2ecd8bef47760a4d170e82ebc8c51b40e8d2f1ac
258,Terrell,Conkling,tconkling75@pbs.org,Genderfluid,Horror,Cochrane,2584dc6b138efaf759b7878a7867cbe43f9decd7
259,Eustacia,Goggins,egoggins76@bbb.org,Bigender,Horror|Mystery|Thriller,Stavanger,575fa1a72558b5ae996b1c31ec1fdd2b7636357e
260,Andreas,Skipton,askipton77@google.com,Agender,Comedy,Sumurasin,98dd3f0d62b2258a3decf49828d5f2853a5f3366
261,Augustin,Ligoe,aligoe78@sun.com,Polygender,Drama|Horror,Siluman,bb6c87bc1d14cf1a7d15c019637018d577db68fd
262,Ignacius,Biddlestone,ibiddlestone79@imdb.com,Non-binary,Animation|Children|Comedy|Drama,Iparia,3c600e80d536cfc955075dff1da76bb8a3fd7b5a
263,Didi,Northcliffe,dnorthcliffe7a@youtu.be,Non-binary,Drama,San Jose,be54737b293757457e1398685190a21c08a9dcd9
264,Gaultiero,Rubery,grubery7b@who.int,Male,Adventure|Drama|Romance,Biao,4b9f2aad994bb54a28c1d2b7205e34060436cb04
265,Phil,Birrel,pbirrel7c@bizjournals.com,Female,Drama,Vila Velha de Ródão,5fb6fe2f4ff4819cf5eed5b19aa5d55a010dd359
266,Aliza,Kinner,akinner7d@bizjournals.com,Polygender,Action|Comedy|Romance|Thriller,Sundsvall,665ee05295effb9aeb5060885d6289053c7cb81d
267,Cirstoforo,Laws,claws7e@google.com.br,Bigender,Drama|Thriller,Lingqiao,78f7a795127a45511ed698bc3eae93dc0c0c7d60
268,Luca,Rudgard,lrudgard7f@statcounter.com,Genderfluid,Drama|Mystery|Sci-Fi,Budapest,399afea7ae95abfdfac99be4917dd59712dd9f7a
269,Jewell,Simpkins,jsimpkins7g@icio.us,Agender,Drama|Romance,Biecz,df3576550a1d13299cace50eb26ff78fe7747713
270,Christean,Patten,cpatten7h@1688.com,Male,Drama,Gaur,ff35f1b51d19038b29592932167e2995f844a979
271,Gerti,Dieton,gdieton7i@jigsy.com,Male,(no genres listed),Bác Ái,f6a56492264005ace2dd692d96d37808b5e3495d
272,Franny,Beccera,fbeccera7j@sourceforge.net,Genderfluid,Children|Drama,Madrid,68df3aaac6483617d43c34c9241524b8ab028372
273,Amara,Baukham,abaukham7k@ifeng.com,Male,Documentary,Gudang,35d53479af4b8f06a733c4d7ece0cfb23a0fd8b4
274,Hewie,Shord,hshord7l@networksolutions.com,Bigender,Comedy|Horror,Hongqi,b1b336f37b4af1c4323feb185e4634e03bd8c387
275,Ellerey,Simioni,esimioni7m@reference.com,Genderqueer,Children|Fantasy|Musical|Romance,Chojata,7e41f1a36f91db26898bb1c4842ae6c15db59d33
276,Kristoffer,Tristram,ktristram7n@sciencedaily.com,Non-binary,Comedy,Dulce Nombre de Culmí,4d601fc448abbca779ce40939389f1b85eab0447
277,Kelley,Crosio,kcrosio7o@gnu.org,Non-binary,Drama,Aristóbulo del Valle,172dde0eeee7ad2f37b2827e995e2940cefca4b4
278,Rakel,Coatts,rcoatts7p@cloudflare.com,Polygender,Action|Comedy|Crime|Drama,Pasirputih,94705dc9c96281a9153988ef68294533471d2978
279,Ashlie,Cicchitello,acicchitello7q@yahoo.com,Genderfluid,Drama,Gourcy,6a8f5d9a023928ed35f2a32bd2cec63feee52177
280,Evin,Sheeres,esheeres7r@google.nl,Non-binary,Western,El Carmen,c0c5b1cff95e1022587b556a6b611d62d82ce809
281,Eden,Carwithen,ecarwithen7s@canalblog.com,Non-binary,Comedy|Fantasy|Horror,Quatro Barras,89ba928d9dbc3afa7bb7d20de1e2435b4b0b4c0f
282,Jaquelin,Moggan,jmoggan7t@go.com,Agender,Drama|Romance,Siyabuswa,aa1997468308813a40417b3fb605f8feaf9dfc83
283,Bryn,Crowest,bcrowest7u@51.la,Male,Action|Adventure|Comedy,Shuanggang,e41023e998a502dab429d67327a436f1f7dff21d
284,Mattheus,Rippin,mrippin7v@chron.com,Genderqueer,Crime|Drama|Mystery,Brive-la-Gaillarde,0ae1a6d4041fe642b181ff2af47099369adb0958
285,Ruttger,Paute,rpaute7w@bing.com,Genderqueer,Comedy|Drama|Romance|War,Ringinrejo,747685f3e579940e2572087a9deb0aa0262f9fc3
286,Annadiana,Krysztofowicz,akrysztofowicz7x@washington.edu,Genderqueer,Drama,Kommunisticheskiy,54da4bde378fb81c43b5899cea0e53e358c80a68
287,Celestina,Struan,cstruan7y@sciencedirect.com,Male,Animation|Drama|Romance,Tver,bfbdce0f53953ce381b3a100ed96b12039e02f32
288,Mortimer,Darth,mdarth7z@gnu.org,Polygender,Drama,Newport News,e54ebf66a52e4393f1d3191755f8058aae83e8a8
289,Armstrong,Carrol,acarrol80@xrea.com,Female,Comedy|Drama,Áno Liósia,ad22f153721b1bc3a5f77bfdc4ccc9dbed57c2e7
290,Vanda,Daton,vdaton81@baidu.com,Genderqueer,Horror,Ban Fang,5e0d3080b6bcbd586b6171d1a565c13bd22e324d
291,Agnese,Fawcett,afawcett82@cyberchimps.com,Non-binary,Comedy|Drama,Strängnäs,c341be0308ea50b1d97cc49a46864c2543135224
292,Phaedra,Tesmond,ptesmond83@mlb.com,Genderfluid,Drama|War,Shizuoka-shi,253d9666b95cfb80932087691da928b8deefe9cd
293,Prue,De la Zenne,pdelazenne84@geocities.jp,Genderqueer,Crime|Drama|Thriller,Independencia,742f86da54c7d7725a7644cae4fb60e56ea74b5e
294,Timi,Elsley,telsley85@cdc.gov,Female,Action|Adventure|Drama|Thriller,Río Viejo,110518b14e1fe247db85cf16582fd1f59ba9a151
295,Arlina,Hamper,ahamper86@berkeley.edu,Agender,Crime|Drama|Thriller,Huayuan,d47fbde891cd303b8ed4852e40eaafd27461050e
296,Iago,Christofle,ichristofle87@com.com,Genderfluid,Drama|Horror|Sci-Fi|Thriller,Mendez-Nuñez,1968982ccffd1a2a022eccd030b69e683f34c0cf
297,Jan,Denial,jdenial88@google.cn,Male,Drama|Fantasy|Mystery,Shymkent,08a67edbe82bdaeaf595a5a0bb3ca08a5a1e3791
298,Arleyne,Wayman,awayman89@addthis.com,Female,Drama,Bontoc,a9bd12ec1620cac24c5ada7f2738259180fc6b3c
299,Yule,Ellins,yellins8a@guardian.co.uk,Polygender,Documentary,Grygov,223307974500736e6630a1e2b447d81aa9296a89
300,Caryl,Hardinge,chardinge8b@wufoo.com,Female,Comedy,Barrhead,212bc736c3dc7d0e5f5d9c3fe3a85bdc7e7dc6e0
301,Thomas,Viger,tviger8c@ehow.com,Genderfluid,Drama,Wanrongjiang,6b57a875ea3b0732175efe22d9e1d670ed530cdd
302,Gerladina,Adamsen,gadamsen8d@i2i.jp,Female,Adventure|War,Janas,b873386215e58b29da7f1233484f29b1bee923ec
303,Merl,Badder,mbadder8e@ft.com,Polygender,Comedy|Romance,Sosnytsya,643c797c0abec2ddca3b456775d323aebdeb2202
304,Felicity,Macenzy,fmacenzy8f@altervista.org,Agender,Crime|Drama|Thriller,Torre,da4cad40fe0047639f80a39428a73a89764e64ff
305,Kurt,Upstone,kupstone8g@blogtalkradio.com,Non-binary,Comedy,Wilfrido Loor Moreira,8c2e56f503914ef8f7c86f475ff942f3b77bcc32
306,Caddric,Shorie,cshorie8h@tripadvisor.com,Agender,Action|Adventure|Drama|Romance|Thriller|Western,Mendī,7f08b622ecba8afc85208c237c99c5294a641fbd
307,Petr,Filipowicz,pfilipowicz8i@lulu.com,Male,Documentary,Mafraq,65a9efa65f1bdbf8836f2d28ca6616758d39c4f8
308,Kathi,Bechley,kbechley8j@mashable.com,Bigender,Action|Comedy|Crime|Romance,Nikulino,0056530e504a0fc45ddfa10209ffd5b65418bfb2
309,Yvor,MacAlpin,ymacalpin8k@wsj.com,Agender,Horror|Sci-Fi|Thriller,Chengkan,0b275cbb92736d392d5c55c9b342db6161b1a07d
310,Joan,Leyton,jleyton8l@hibu.com,Polygender,Drama,Vysokovsk,5f494bc0f64edcf095ce40401e9672b42e095a52
311,Averil,Augustus,aaugustus8m@joomla.org,Genderfluid,Action|Thriller,Miguel Hidalgo,bc468dc21838ded966d3a52764754ccc18d42b52
312,Obidiah,Herion,oherion8n@live.com,Bigender,Drama|Musical,Montreuil,f84487c145668bcff7334692a56bf1d63bbad59e
313,Anne,Ianittello,aianittello8o@usatoday.com,Bigender,Crime|Drama,Buckland,5c42713f3963edd8c5853d308a8af7896e1d81a4
314,Regina,Devey,rdevey8p@spotify.com,Non-binary,Documentary,Palampal,c4bebf9749773db1d3bbb281f587fd839e78985d
315,Quintin,Wardingly,qwardingly8q@51.la,Female,Drama|War,Fenghuo,3d4978e05206fcac168d43f84a8e5e2d00dacc59
316,Jay,Falloon,jfalloon8r@tripod.com,Bigender,Drama,Puerto Iguazú,1df46e66b4a85e46eebcf96203132251aa671d6b
317,Jeane,Bolley,jbolley8s@latimes.com,Male,Comedy,Višnjićevo,d567ea7d85fc2b6f69590d31a1061ca4b192cd1b
318,Ulrikaumeko,Milner,umilner8t@narod.ru,Genderfluid,Action|Adventure|Crime|Drama,Limoges,3c7a15bc9c174951c4aede65ac82bdbefe3a180c
319,Boigie,Freestone,bfreestone8u@meetup.com,Polygender,Action|Adventure|Drama,Bozkow,d435c9bf81c2a3ebb653338130690df6f0d98946
320,Izabel,Bumford,ibumford8v@state.tx.us,Female,Action|Adventure|IMAX,Gobernador Ingeniero Valentín Virasoro,f0ad21804359849ed27a1eef9c4307ee70f3b3fb
321,Kristian,Skrine,kskrine8w@sourceforge.net,Male,Comedy,Pingling,16e8483853a13ee466f21e8885c714fe7998d316
322,Jorry,Corney,jcorney8x@theatlantic.com,Male,Comedy,Kuching,f7f450ad39906b38f20bc7dae276e1d5e44083e1
323,Fernandina,Girardez,fgirardez8y@abc.net.au,Non-binary,Action|Crime|Thriller,Pengfang,89ea2a0f6461db4ab62c327542cb34a8b95b192d
324,Carlene,Rudham,crudham8z@altervista.org,Bigender,Comedy,Habry,e085104b1675081cd6180ac39cb6916f0b10f074
325,Lennie,Millsom,lmillsom90@ca.gov,Female,Drama,Antequera,d916a0275e683ca530213a666c73693f727f1aa9
326,Henryetta,Gutridge,hgutridge91@opensource.org,Polygender,Film-Noir|Thriller,Kauman,f4b0f2bf5b9b1d94df8aa5eaeb103d5e8913e1ee
327,Florri,Quiddington,fquiddington92@people.com.cn,Agender,Action|Adventure|Comedy|Fantasy|Horror|Thriller,Mauloo,08f79a74ce000de1c10fa21026f97f43b20f6165
328,Bernardine,Arnall,barnall93@redcross.org,Male,Drama,Lombog,4ccce644e98ac9d1da65c0e8cc6b417da5526afc
329,Shaylah,Bjerkan,sbjerkan94@youku.com,Female,Comedy|Mystery|Sci-Fi,Cortiços,0272e40a15d4ed3b0902dc11c399d72db7b54431
330,Tate,Etridge,tetridge95@zdnet.com,Genderfluid,Drama,Ciekek,ed4b91fc626269f71939d0d0d9cea79bab2c9061
331,Sean,Duding,sduding96@jigsy.com,Agender,Crime|Drama,Arwād,de1bf04f07821cc9e3b92336cd0e97eee5f81705
332,Freida,Harget,fharget97@jiathis.com,Male,Comedy|Musical|Romance,Caramanta,c100fa208a72ae8dba635dfa055aa3fdb0fbad66
333,Jasmin,Crossfield,jcrossfield98@goodreads.com,Genderfluid,Drama,Singabarong,c26c555d93897448b5310b5ae772ccdd3fb83ab0
334,Walker,Maypole,wmaypole99@mediafire.com,Male,Drama,Cipinang,9bf974294f214a55b51dac9859e550ae5eab0761
335,Tudor,Sorrie,tsorrie9a@list-manage.com,Genderqueer,Action|Comedy,Emmaboda,691d01ef0d3b72210f5a4060e42c595df57dbe36
336,Sharron,Hughs,shughs9b@joomla.org,Genderfluid,Comedy|Romance,Putrajaya,4aa422ad522f6319941e6057db6563e4114a6769
337,Munmro,Postlewhite,mpostlewhite9c@imageshack.us,Genderfluid,Action|Adventure|Fantasy|Sci-Fi,Las Toscas,b31acf8962f64986c3da53181fa95035d7a3dcd3
338,Crista,O' Concannon,coconcannon9d@sun.com,Male,Adventure|Romance,Sōja,f6a3a54b92f07afee3d0681674a0e6ecdd529e28
339,Alli,Engelbrecht,aengelbrecht9e@phpbb.com,Genderfluid,Comedy|Fantasy|Mystery,Pastores,8461b1d4ad9e39bf7b118aa1e54b637be29d9995
340,Briggs,Mattingly,bmattingly9f@123-reg.co.uk,Non-binary,Drama,Wao,4ab3039be16e2880c7c44f1141ea8a710346e056
341,Emanuele,Tunn,etunn9g@samsung.com,Male,Adventure|Comedy,Zhaike,0ece559310f3d2ad8911450b3b8954a44f95efee
342,Balduin,Girard,bgirard9h@cdc.gov,Female,Documentary,Thị Trấn Mường Lát,f136bbf807941f4f159792f1e9ea51f9cc14699d
343,Virginie,Whittuck,vwhittuck9i@about.me,Genderqueer,Crime|Drama|Romance,L'Union,6a84bda327ab24f4a2ab69d945be33fa0403b707
344,Adeline,Chitter,achitter9j@networksolutions.com,Non-binary,Action|Adventure|Comedy|Crime,Stepnica,e9dbebf14d303bfc43405fc6941af94639a46431
345,Glyn,Ruddell,gruddell9k@amazon.com,Female,Drama,Voorburg,b2b4818e809c21148e654172a6c409010e309bed
346,Mellisent,Dainter,mdainter9l@github.com,Agender,Drama,Nanyi,2e60190d0c4c900ba360e5fa0a42106c118bb0dc
347,Bernarr,Bowton,bbowton9m@e-recht24.de,Agender,Comedy|Drama|Romance,Polepy,0ea90d347aa0f324d58305b1632f25835d00803c
348,Mateo,Tayspell,mtayspell9n@ovh.net,Female,Drama|Romance,El Coco,bbec659de44c2b5bb926a6e045aa9831c5ff08b9
349,Kareem,Watson,kwatson9o@slideshare.net,Non-binary,Comedy|Drama,Clermont-Ferrand,1b41b371ff60376ca02529041574463268e9c3cd
350,Caria,Sowte,csowte9p@skyrock.com,Non-binary,Drama|Mystery,Mališevo,d43a524d6ead5831a9ecfcb8c5db854a78336166
351,Eran,Ninnotti,eninnotti9q@wix.com,Agender,Documentary,Sakai-nakajima,f92b4702aa8cf6920c2a99ab34a31f68d0c50724
352,Reeta,Gunson,rgunson9r@imgur.com,Polygender,Documentary,Retreat,41d91b1c0fa700ef5a10e769c6c136fda6210b3c
353,Prudi,Antwis,pantwis9s@smh.com.au,Non-binary,Drama,Tayang,bdae3da0b7b2a8fd03fa32bd302793ece3dfc032
354,Herb,Landsbury,hlandsbury9t@who.int,Polygender,Drama|Thriller,Delvinë,4ad0d23a4c7acd43bd40a63b62770c380f592289
355,Niven,Howler,nhowler9u@google.ca,Female,Comedy,Les Sables-d'Olonne,b4dddc92f96ac326d89141d59fbe36fcbcd78274
356,Pattie,Overthrow,poverthrow9v@creativecommons.org,Male,Drama,Kulutan,2aad6040b0acca886d1ce2379e1ce60b6440e6f1
357,Ellie,Hedgeley,ehedgeley9w@nytimes.com,Non-binary,Action|Thriller,Tiyuguan,8b2df363e462d51dcc462b04aa1189172bb7cc2f
358,Boycey,Rydeard,brydeard9x@angelfire.com,Genderfluid,Action|Comedy|Crime|Thriller,Bograd,be2d38ce619c6a37d122cd7183198959a0446fa1
359,Marylynne,Stocks,mstocks9y@twitpic.com,Agender,Comedy|Drama|War,Ti-n-Essako,502ae445f91a84bdfd1ac2b187f8a37893bcaf61
360,Dolley,Lofting,dlofting9z@privacy.gov.au,Genderqueer,Comedy,Qiaobian,50a3abff496b53b655485cb2d67d54fee8428657
361,Goldie,Van Ross,gvanrossa0@1und1.de,Genderqueer,Drama|Romance,San Cristóbal,52fde5e0d6fe7e2542a809d5923ea861ce0727cd
362,Magdalen,Hyndman,mhyndmana1@bigcartel.com,Female,Drama,Rechka,0e3ee1da0fa4a08e930f3486bce6ea561c3d584a
363,Lloyd,Eyrl,leyrla2@friendfeed.com,Male,Comedy,Karsin,c1484c747e946560503e40be0a80394202a0636d
364,Darren,Bartusek,dbartuseka3@people.com.cn,Bigender,Comedy,Acajutla,dd96c07461249fd4b92124381f18f6f63c86bd93
365,Cornie,Mersh,cmersha4@comsenz.com,Genderfluid,Comedy|Drama,Loučovice,bffa4f4e51a3bc4930bd70047f007b1de81f796c
366,Rolando,Garms,rgarmsa5@photobucket.com,Female,Documentary,Yingchengzi,ec5e77f993c61d4f7c67fca3d20b97bd7715ac79
367,Theo,Speight,tspeighta6@techcrunch.com,Genderqueer,Documentary,Boundiali,32ff58d172a05d56f34fe7852481f6786673d268
368,Karlik,Leavey,kleaveya7@umn.edu,Polygender,Adventure|Children|Drama,Grahamstown,bd64e958544cfa257bdc9423df4b2d10deffe1e4
369,Ely,Barradell,ebarradella8@prnewswire.com,Bigender,Comedy,Fiais da Beira,2348722e87dfaef09c4ba75f58da56d52afaa67f
370,Korney,Hylton,khyltona9@slideshare.net,Female,Adventure|Animation|Children,Giồng Trôm,252a80efe3e5965001ad1f624e311223159ef8d3
371,Stormie,Koppen,skoppenaa@yelp.com,Non-binary,Comedy|Drama,Roma,1e65693ccc0be913dc710e66e815ced9fda3c095
372,Clyde,Espie,cespieab@bloomberg.com,Polygender,Comedy,Mashtūl as Sūq,6b78a43292f34a540e9d5e5549343fc0e706d113
373,Bryna,O'Kieran,bokieranac@umn.edu,Polygender,Animation|Children,Karangsembung,5e3392a86467435e12e92321cdb97d2690765be7
374,Neala,Glazebrook,nglazebrookad@cafepress.com,Male,Comedy|Romance,Caála,5aaac4f7c1ea56cbf8876ffe5eed605ac89ae24a
375,Fabiano,Gallally,fgallallyae@paypal.com,Bigender,Comedy|Fantasy,Vallentuna,884198eb3d07becf886bb80ffd77f4f1b2446667
376,Vera,Bowditch,vbowditchaf@bloomberg.com,Genderqueer,Drama,Gaoguan,842c49f48dfaae18122e203bcf99af7ccfdb3d86
377,Elvis,Hughson,ehughsonag@ocn.ne.jp,Agender,Drama,Yanda Bayo,706c92066d125cd59e9decd59a71192670c40821
378,Shanta,Remnant,sremnantah@quantcast.com,Agender,Horror,Qingshui,a6cd03dc015a5ed3f881b86ec20a5f240af89c34
379,Jamie,Ackwood,jackwoodai@tiny.cc,Genderqueer,Crime|Drama|Thriller,Åkersberga,24ac2cd00c14a45d80a43d645d2444bc03744ca2
380,Clarisse,Corran,ccorranaj@friendfeed.com,Genderqueer,Drama,Nanterre,d3c2b6e008f815a59c58a1cc717a78d204484bbd
381,Kaycee,Stenson,kstensonak@nyu.edu,Male,Comedy,Bridgewater,28a4089ce6f9bab93a8e409170f436e192953a89
382,Ryley,Zanneli,rzannelial@ning.com,Genderfluid,Drama,Songdong,61f8b20dac69994f0a0fd569da96f688e88c607b
383,Emogene,Tees,eteesam@biglobe.ne.jp,Genderqueer,Action,Babakansalam,aec589c1833d794f9d40b4fcc26e73fe9b89f96e
384,Lethia,Nutbean,lnutbeanan@disqus.com,Genderqueer,Drama|Romance,Yamethin,f396f0c9e35dbd4ec8b8facd1ec8aff18ab99806
385,Brand,Flemming,bflemmingao@seattletimes.com,Genderfluid,Crime|Thriller,Agnibilékrou,2ff615c0eb92915eb92767dc124daf4242b8976c
386,Wallace,Vause,wvauseap@independent.co.uk,Agender,Adventure|Animation|Children|Fantasy,Guanghou,f42a2d5788fbfdef527d1a3625bc09138b8300e2
387,Fiorenze,de Savery,fdesaveryaq@biblegateway.com,Non-binary,Comedy,Nancy,5428f6d093c100399f983b0c8e3176df59703b57
388,Idelle,Dust,idustar@ameblo.jp,Genderfluid,Drama,Chendong,458f5e05ce2a95f06790d07743359c27a131ad69
389,Ryun,Ruf,rrufas@vimeo.com,Female,Comedy,Arco de Baúlhe,4b017d3bf0596c1964deca4f3881f68b4b7b4797
390,Inger,O'Doghesty,iodoghestyat@ask.com,Non-binary,Comedy|Drama|Romance|Thriller,Hushaat,92d09dedbf1b7b751cbe6d82291b9321c8fa43d0
391,Jilly,Capes,jcapesau@feedburner.com,Non-binary,Crime|Film-Noir|Mystery|Thriller,Raemude,93463bad3e110627f8fec44634d7acc73743571b
392,Dania,Timewell,dtimewellav@so-net.ne.jp,Female,Drama,Naran-mandokhu Somon,8072d2d70085e86bd696876987f1c825fbb7b333
393,Alika,Woodrough,awoodroughaw@blogtalkradio.com,Bigender,Action|Drama,Plalar,48c53c1addca85162c1b76823def488cbbd89dc1
394,Afton,McKeggie,amckeggieax@about.com,Male,Drama,Chicago,c3b777c824873cb35f5a29158f9b440e7ecbe48d
395,Jordana,Derham,jderhamay@gnu.org,Agender,Animation|Drama|Romance,Santana,d384c3bf8be2f769880903c9808764652cb35cd0
396,Laughton,Thring,lthringaz@networkadvertising.org,Bigender,Documentary,Satrejan,07d778d3e7b98e35e2ad1eee5361427318359194
397,Cal,Banasik,cbanasikb0@princeton.edu,Genderqueer,Animation|Comedy|Drama|Fantasy,Yangzhuang,574ea6775c46c27ca8200d3abbcd9651968915ee
398,Celene,Cotterell,ccotterellb1@imdb.com,Polygender,Comedy|Drama|Romance,Bokani,3158b0f89668603a3d7f3614b17b004e64c89c90
399,Fran,Leipold,fleipoldb2@sakura.ne.jp,Bigender,Comedy|Crime,Kolo,9918045cc0afc5e58c8b1daafaa9cbc9564ac819
400,Alejandro,Gladden,agladdenb3@technorati.com,Male,Comedy|Drama,Masallātah,37144c7949af314891f77d5f6b7d6fcf9d724c59
401,Matthaeus,Elsley,melsleyb4@archive.org,Agender,Drama,Santana do Ipanema,7e2bc309571bfa824445ea75496fe0e125c6f528
402,Boyce,Kenwrick,bkenwrickb5@miibeian.gov.cn,Genderqueer,Drama|War,Wang Sai Phun,bcae0602cc21c4fa1a63417ed5b998a11b00fb19
403,Leopold,Luxon,lluxonb6@sina.com.cn,Non-binary,Documentary,Barili,a4510357e35f26a0283536eea8444a6e22aa378e
404,Marti,Challace,mchallaceb7@baidu.com,Non-binary,Drama,Jangdam,41a4d67fd053d631b438db5912e25e9a50c7c8b6
405,Devondra,Renachowski,drenachowskib8@newyorker.com,Male,Crime|Sci-Fi|Thriller,Halimpu,f4b2cdac75380725c7ad01935cf0d42e8dbda20a
406,Gawain,Daymond,gdaymondb9@marriott.com,Bigender,Documentary,Priupskiy,ef2feae65f9739073508eefdae26a5a3ededba4f
407,Karlotta,Bradshaw,kbradshawba@kickstarter.com,Agender,Adventure|Drama|Fantasy,Mýrina,932090f44e858402636c63f5553798d14a736939
408,Ibbie,Akess,iakessbb@amazonaws.com,Polygender,Comedy|Drama,Magisterial,3a2e7c4dbf400bf0a24cbecd2eb2fba245c348e8
409,Cornelius,Fassman,cfassmanbc@yandex.ru,Genderfluid,Animation|Children|Comedy,Montevista,39f3d68e18add8ed08e8a5531705b8cfc9797dd4
410,Sybille,Yann,syannbd@artisteer.com,Female,Adventure|Drama|Romance,Essen,c225e1c02fdc004f13a26f78c60549e3e4c7e166
411,Emera,Terran,eterranbe@guardian.co.uk,Male,Horror|Mystery|Thriller,Fullerton,e8c05c5f16550955d9707dc33fbf5eb35ce4455b
412,Micheil,Megany,mmeganybf@mayoclinic.com,Female,Action|Adventure|Drama|Fantasy|Horror|Romance|Sci-Fi,Yamparáez,dd7aabf336fb4839939c7bdf91cd68080483f162
413,Xerxes,Fildes,xfildesbg@networksolutions.com,Non-binary,Drama,Kiltamagh,e8319b94a5ff7ab33b2b6db019b7cf357509cc0e
414,Jacinthe,Crocket,jcrocketbh@webmd.com,Agender,Western,Chang’an,c5e629d29b0c3927157832a38fd9b2185966d410
415,Ariel,Issacson,aissacsonbi@archive.org,Male,Comedy|Horror|Thriller,Pau,bd6eee33e52dbbede8c0fd103b4b0aae774f969f
416,Roseann,Agutter,ragutterbj@alexa.com,Non-binary,Action|Adventure|Comedy|Fantasy,Shigongqiao,2bf626eb12b23b0a5b434c90edca51ca6e8a6182
417,Dianne,Eckery,deckerybk@privacy.gov.au,Bigender,Drama,Pilaya,f1092d4414f4b41465fff171a14cba524e6c3e12
418,Caz,Cutriss,ccutrissbl@4shared.com,Female,Comedy,Batatais,7b69d1600254b8f997c28b793630a97415d185d9
419,Harald,Brownhall,hbrownhallbm@cloudflare.com,Genderqueer,Action|Sci-Fi|Thriller|Western,Pasto,e3c53777b2336550c1ac9f9cf744419fd58762dd
420,Lev,Mikalski,lmikalskibn@reuters.com,Agender,Comedy,Amsterdam Oud Zuid en Rivierenbuurt,6db1060a3b317205e1217066a7b64dd87cda6f66
421,Silvano,Ritzman,sritzmanbo@delicious.com,Male,Action|Fantasy|Thriller,Jiangcheng,510e574f4bf854b7249ef29b0111ff45a2cccfa6
422,Rahel,Brind,rbrindbp@pcworld.com,Non-binary,Drama|Romance,Ajaccio,b8d3bab3c03efc9de1edf0f877d279e7fb8bc510
423,Erna,Garnall,egarnallbq@zimbio.com,Genderqueer,Documentary,Khokhryaki,198d7e404bcc0a41f33b6cda3edcd1f6f1c4dd03
424,Curran,Woodwind,cwoodwindbr@xing.com,Male,Comedy,Bazzāryah,c74a5ec260d06c036f7377d0499104428cbd21b3
425,Tony,Clemenzo,tclemenzobs@opensource.org,Agender,Comedy,Linköping,3826dbecece376cb835fd3978a8acf10bff0c99f
426,Jayson,O'Gorman,jogormanbt@ed.gov,Bigender,Documentary|IMAX,Cuiabá,221fd81c5faacc9acbae8119b236cb3618392298
427,Mattie,Skirven,mskirvenbu@cbc.ca,Non-binary,Comedy|Drama|Horror,Strellc i Ulët,dda94cee58ab28e5f15d55c372826eba109e5707
428,Loria,Tattoo,ltattoobv@stanford.edu,Female,Action|Adventure|Fantasy,‘Ayn al Bayḑā,c121255fc44ff723a91907dd2ada5f6bbd1e3cdd
429,Carrissa,Eldrett,celdrettbw@indiatimes.com,Polygender,Comedy|Crime,Kuala Terengganu,3f85fa604f1a02b8b3ca89ac3465373c0d555f96
430,Kerwinn,Cranshaw,kcranshawbx@craigslist.org,Agender,Horror,Kara Suu,f0b6f98fdfeb7e7e24634bb908f2f4ba01de804e
431,Vanda,Northley,vnorthleyby@nih.gov,Polygender,Drama,Abbeville,347798b0176359ee15b124fd9d78b99c3817d794
432,Feodor,Stinchcombe,fstinchcombebz@marketwatch.com,Male,Crime|Drama|Horror|Thriller,Santa Rita Village,ee5272ab6025947286ed55b9adebc72c9bde56e6
433,Carlo,Channon,cchannonc0@geocities.com,Non-binary,Documentary,Amphawa,7cc3fa4371bae41e7d82e7f1a6399c2d916834c6
434,Cyrus,Urry,curryc1@ocn.ne.jp,Male,Drama,El Aguacate,af2ad17f3a8dafa334b9c277a8e50eb5152f4bcd
435,Obidiah,Graalmans,ograalmansc2@scribd.com,Agender,Crime|Drama|Thriller,Ráquira,33cfbc411c9f465831ecc7288712cac997549682
436,Nelson,Baglin,nbaglinc3@freewebs.com,Bigender,Horror|Thriller,Namboongan,07ce30656c9a14cfce7ce4805497dc07963b0c58
437,Deena,Antonazzi,dantonazzic4@foxnews.com,Agender,Drama,Nuquí,698dcda1b08860a3f47e4f7768fd6b224046d5da
438,Shaughn,Browne,sbrownec5@cnbc.com,Female,Drama,Zhijin,8759b72bd3b290a535157c32db6a77fd6b0fd3b5
439,Rustie,Gendrich,rgendrichc6@indiatimes.com,Female,Comedy|Horror|Sci-Fi|Thriller,Santa Rita do Sapucaí,1a7023790dce48a378f16ab60767749f21f4a329
440,Morgan,McCole,mmccolec7@liveinternet.ru,Bigender,Animation|Children,Yangchao,ad9d3d5b188cd315d4bc841a550d3b74bb0ceac4
441,Marve,Murrell,mmurrellc8@comcast.net,Bigender,Sci-Fi|Thriller,Qiaozi,3a0bfd11a21ba942a4a166e5fe5f15debece9c72
442,Fanni,Gatesman,fgatesmanc9@mysql.com,Genderfluid,Action|Thriller,Arari,903d07d91d34b57b375fab816c5b57b53fbb5cd7
443,Ethan,McCreagh,emccreaghca@businessinsider.com,Genderfluid,Comedy|Fantasy,Macau,3005c6aa4572d20ffd9f63e48c8da75eef56c04e
444,Michele,McGregor,mmcgregorcb@sina.com.cn,Agender,Drama,Lidköping,51893f211cda759f5cbdb3cdc587a81204ab8e03
445,Jelene,Cheney,jcheneycc@exblog.jp,Bigender,Drama|Sci-Fi,Oskarshamn,07fb24ec75f45104ec5178ab534fb99bee957043
446,Cyrill,Schuelcke,cschuelckecd@prweb.com,Male,Adventure,San Rafael,125c562240eb5d0dd404f7e4710650f8328e23c3
447,Jaimie,O'Hallagan,johallagance@spotify.com,Female,Comedy|Drama,Mamuša,44457cb3bb6d591c247852cadd5571dbcaf5635a
448,Pauly,Bruniges,pbrunigescf@g.co,Female,Drama|Horror|Thriller,Svalöv,c5cca6413f0a672c7acf864781762a42c5b04fc9
449,Martino,Leathard,mleathardcg@domainmarket.com,Genderqueer,Comedy|Drama,Abdurahmoni Jomí,c95a42471f8dd903725fd544b0b8f42ac281d402
450,Standford,De Carolis,sdecarolisch@bing.com,Male,Thriller,Toyama-shi,d800a10682b77254a117d9ee8eb2c51d0d227589
451,Libbi,Bartoli,lbartolici@icq.com,Male,Comedy|Drama,Devnya,e65e570e7b6d3c5a446d124925785658f0ccb2df
452,Clary,Wicklin,cwicklincj@plala.or.jp,Female,Drama|Film-Noir|Mystery,Hoani,e1252aa0addcaaac0ff53c6feade5a0d48e849ce
453,Darcy,Kunzel,dkunzelck@smh.com.au,Genderqueer,Drama,Lyskovo,560cdaedb3708092fea32a5407896d06d3c50deb
454,Cosette,O'Kuddyhy,cokuddyhycl@addthis.com,Genderfluid,Drama|War,Aranđelovac,ce78a2ce198cfa67fb64e82f6fc48bfb6b179abf
455,Pinchas,Pes,ppescm@irs.gov,Bigender,Comedy|Drama,Shanshi,a9bb090cf7ec1b6f7dec301bfae661ffa51654ab
456,Kim,Southard,ksouthardcn@behance.net,Bigender,Thriller,Bailan,ee5f2ba6cf0cb9d8372a5514fd7bbf4e95545a98
457,Adelheid,Landreth,alandrethco@t-online.de,Genderqueer,Animation|Children,Yuelai,d6d207da702426ded5ebdddb4b55197e9f629524
458,Richmound,Taplow,rtaplowcp@bbc.co.uk,Agender,Action|Adventure|Animation|Comedy,Cama Juan,f2a8ae4903cb1d0f61f39d5cd3315b2151e24c63
459,Rudy,Brakespear,rbrakespearcq@wiley.com,Genderfluid,Children|Comedy,Zhufo,0764b70ecffd0e130859c0b566acfc6dc1f65d0f
460,Ofelia,Lahiff,olahiffcr@comsenz.com,Polygender,Action|Adventure,Liuqu,3ca5ad0dab096f9fcaf168354cd30a4354413137
461,Constancy,Danielli,cdaniellics@seesaa.net,Non-binary,Adventure|Drama|IMAX,Eiriz,e3a321a8d83e27c5816503a9034a84d34e64b77d
462,Gratia,Mullany,gmullanyct@netlog.com,Male,Comedy|Drama,Zhujiaqiao,d4ce4dd0a65639bc8b5361d8a92b564e38830e6d
463,Florette,Jarrold,fjarroldcu@networkadvertising.org,Genderfluid,Adventure|Drama|War,Danghara,2dd2d76086b3a36e18560b937af77146c9bfb1b5
464,Sarge,Wilflinger,swilflingercv@goo.ne.jp,Polygender,Drama,Callahuanca,afdf9aa6ad7236c861c4405c6e5cfa5d347b1ece
465,Isacco,Westhofer,iwesthofercw@earthlink.net,Genderqueer,Action|Comedy|Drama,Blagodatnoye,65555121d63a8ae9b975a71e3488d0fe92388284
466,Rooney,Bydaway,rbydawaycx@mayoclinic.com,Genderqueer,Drama,Mikrókampos,5e1d887bf82c4ed497f01d93899962dbf3368fd3
467,Sondra,Gaukrodge,sgaukrodgecy@goodreads.com,Genderqueer,Adventure|Drama|Thriller,Saint-Rémy-de-Provence,d9e98973b489ac50801d593c910a230e131d4d4f
468,Alf,Vergo,avergocz@washingtonpost.com,Bigender,Adventure|Animation|Fantasy|Sci-Fi,Chinchiná,4b4b6469bc8265db9a13a7a54a2a470c821d2031
469,Clayson,Wadesworth,cwadesworthd0@reference.com,Genderqueer,Comedy|Romance,Caucete,ff951a86affec41127b68b7e81d9cc76c83ca8ca
470,Latia,De Cristofalo,ldecristofalod1@cargocollective.com,Female,Action|Fantasy|Romance,Västerås,a562937d48729d258fb57b33a7573863bbec6d21
471,Rock,Whetton,rwhettond2@123-reg.co.uk,Agender,Action|Comedy|Romance,Weifen,da208a3a12f8cb724991923f0aec6066eeccf46c
472,Lanna,Bletsoe,lbletsoed3@sina.com.cn,Polygender,Drama,Shikeng,01a45eb2654b8a19063bfb52faacafe2a3d17c19
473,Shannan,Caslake,scaslaked4@columbia.edu,Bigender,Romance|Western,Buraen,a2bc7afe86484fa6d6d942a61f1adee5f905c3d1
474,Sax,Ingleby,singlebyd5@stanford.edu,Female,Romance,Sydney,5d1b145581d32854f63a20d25571281ae199cb50
475,Leonard,Rieger,lriegerd6@ovh.net,Polygender,Drama,Rennes,0efbf099c084ad7673f30983614bb9435f28b49b
476,Anderea,Carding,acardingd7@baidu.com,Genderfluid,Comedy,Węgrzce Wielkie,cd44a42024649b3c5923499bae116d9e265e2d5b
477,Richy,Spaule,rspauled8@columbia.edu,Bigender,Drama,Memphis,59c666e3837e927c9bc5408b35f575895a797770
478,Sonya,Lillecrop,slillecropd9@sogou.com,Female,Drama|War,Voskresensk,a2dcf54d07ad96f8b22fdc6d51d7485c1116e21f
479,Claudie,Shawell,cshawellda@craigslist.org,Polygender,Adventure|Comedy,Beverwijk,5123ae6542dfab83ba229cddb93cff5e478667d7
480,Dulcine,Pollendine,dpollendinedb@storify.com,Genderqueer,Drama,Tugu,f4ef91669a1787cc9c31031fb83bce916111d157
481,Ramsay,Lingfoot,rlingfootdc@spiegel.de,Genderqueer,Mystery|Thriller,Yanchi,953a401301eff140bfd3da6e2138030ee27e7886
482,Frants,Grisenthwaite,fgrisenthwaitedd@cnet.com,Female,Crime|Drama,Leloboko,bffe936369baf98a96be9f11543cdc6df6d04c3e
483,Taber,Seers,tseersde@nbcnews.com,Agender,Horror,Tianxin,455e163487fa2abce6d9fe9b6c1e80d473af2632
484,Clary,Billison,cbillisondf@elpais.com,Non-binary,Comedy|Drama,Pak Kret,6e45aae36feab79226f04ecc6f1d328d2ebc2c70
485,Kippie,Delnevo,kdelnevodg@sciencedaily.com,Female,Animation|Documentary,Luoqiao,9dd870a1c6667b9f19341c83c6f21edd1a9ab420
486,Leoline,Peaddie,lpeaddiedh@weebly.com,Non-binary,Drama|Thriller,Tonjongsari,cdb720f9b8c086caa36df8d5d2848ad71377b767
487,Storm,Skeermer,sskeermerdi@indiatimes.com,Polygender,Documentary,Keputran,d1c2b03a6376b90f0eec235581c5863d3a32e7d4
488,Sascha,Sloyan,ssloyandj@privacy.gov.au,Bigender,Comedy,Laya,9d728c244af5c8d7504911378cda85c8a3bd508c
489,Lucinda,O'Lyhane,lolyhanedk@businessweek.com,Agender,Drama|Thriller,Majāz al Bāb,1c22a4cf37e1ff2e3c3704e47b783cef9ae4896a
490,Doyle,Bernollet,dbernolletdl@stumbleupon.com,Genderqueer,Comedy|Horror,Jelisavac,4900e7a8404a05a60d5d0c9c7b122c3197b44e3a
491,Linzy,Hance,lhancedm@arstechnica.com,Bigender,Drama,Jiuhua,6402984460d749dc5bce66d38086da670ba41653
492,Beltran,Aronowicz,baronowiczdn@si.edu,Genderfluid,Drama,Pärnu,d2132b18877e1f6926882661a4462d7aa6ba6b29
493,Buddie,Stollard,bstollarddo@dell.com,Female,Action|Drama,‘Ayn Ḩalāqīm,ac2711692ecf92de226ad53316ae16b1cd5c6c15
494,Jayme,Bugge,jbuggedp@posterous.com,Genderqueer,Drama,Angkimang,d39d7201ec3d9170bcaebaec9be245549d0147e2
495,Karissa,Punyer,kpunyerdq@sohu.com,Non-binary,Thriller,Shangkuli,359c773ccebfb4514c455d19838162fb0445c597
496,Taddeusz,Milham,tmilhamdr@163.com,Genderqueer,Crime|Mystery,Ankaran,2e86f9d945050805fdba6c4a798050ddade4d655
497,Zuzana,Vonderdell,zvonderdellds@earthlink.net,Agender,Action|Drama,Uchaly,3da6ed6efc5fe0a0e59de476de7f4db83b798eec
498,Max,Marcinkowski,mmarcinkowskidt@google.ru,Genderfluid,Documentary,Asikkala,8942bc1f7e0c65334789ab6c05262da458cedf19
499,Washington,Kensit,wkensitdu@bravesites.com,Female,Drama,Hatavch,97505b8e607f2c7027ffb938ff147f65ace00bf6
500,Tera,Abrahamoff,tabrahamoffdv@latimes.com,Non-binary,Drama|Romance,Daping,f817ebe78e64c295c45332c93aabd9ac3460032a
501,Hinze,MacGinney,hmacginneydw@auda.org.au,Genderfluid,Drama|Thriller,Xingang,9bae29463db3e0385e7d62d421923770f0da8f9d
502,Hillery,Froud,hfrouddx@godaddy.com,Non-binary,Documentary,Bariri,54d109a68d7a54259ebd607c9802b83e7cfe232e
503,Lewiss,McEvoy,lmcevoydy@umich.edu,Male,Drama|Romance,Montalegre,2f4aca1719dce043cce0669c878f5a3f740edcd3
504,Ardeen,Heliot,aheliotdz@taobao.com,Non-binary,Drama|Romance,Changtan,d1c95fd9a5150ac6d4322f95a927335ff80ba194
505,Cari,Pryce,cprycee0@nasa.gov,Male,Drama|Thriller,Tamianglayang,1aa8203b7e171e82831dedfc15288bcb5ac7886b
506,Dredi,Mainwaring,dmainwaringe1@google.ru,Polygender,Comedy,Rābigh,513734b7492287624c8d882c2454cee7873e6b75
507,Cly,Benedidick,cbenedidicke2@wikia.com,Non-binary,Animation|Horror,Dasuhe,5ba5565050e8687a7d6e9435f158c9813e4b0b24
508,Ashien,Lashbrook,alashbrooke3@ftc.gov,Male,Action|Adventure|Animation|Drama|Fantasy,San Matías,de742c7c0d345da14d624ee98c5318f2334e3d40
509,Bryn,Lathom,blathome4@sogou.com,Polygender,Drama,Lianghe,53c272f9bb9d94d0bcd06832c02dd84a56ff4c73
510,See,Torbett,storbette5@slashdot.org,Female,Mystery|Thriller,Oslo,b8a9525224d3693f840e0423794b7355ed5c5aa8
511,Hetti,Inglefield,hinglefielde6@sphinn.com,Non-binary,Comedy|Drama|Romance,Osięciny,876df48a1c11da4d311a7e2f588e295f2eb65d1f
512,Ringo,Arrigo,rarrigoe7@creativecommons.org,Non-binary,Horror|Mystery|Thriller,Nevyts’ke,562afc41d5d524d3b03ba182f0d6b7b619c23d28
513,Gabrila,Pusey,gpuseye8@mapy.cz,Bigender,Crime|Drama|Romance,Kónitsa,363225a4ffd63699828befd4c7f27e55e326a841
514,Ilise,Liveing,iliveinge9@narod.ru,Genderfluid,Children|Drama,San Marcos,cf3a55a032e23d192703889a3545ef2d90a267b9
515,Gustav,Bale,gbaleea@odnoklassniki.ru,Genderfluid,Comedy|Western,Tunasbaru,8d8c0838ba0ad53d2460eb95095b82d660cb95dd
516,Minnnie,Labbati,mlabbatieb@toplist.cz,Male,Comedy|Drama,Shitun,cf7769c855a1c683514599a632421c84e72aff4b
517,Bunny,Deverille,bdeverilleec@bloomberg.com,Bigender,Documentary,Palikir - National Government Center,e21995a2ac40e770a4ff853466d97ae198e4bae9
518,Anjanette,Dorling,adorlinged@cyberchimps.com,Genderfluid,Documentary,Alīpur,607527bf507a0afbc63fcfd880a94afac16df4d5
519,Hunt,Idale,hidaleee@discovery.com,Female,Drama,Freiburg im Breisgau,e66c93892df3a5e651c84453df7825070c0dd278
520,Malissa,Sowersby,msowersbyef@msu.edu,Genderfluid,Action|Adventure|Comedy|Drama,Manaquiri,67c280cbdcc675516879088845d343ed26f368bc
521,Nada,Mityashev,nmityasheveg@microsoft.com,Female,Action|Comedy,Jintao,933f490e6c9002b910a1d55bcbc9c4573b09f4aa
522,Olive,Threadgall,othreadgalleh@free.fr,Female,Comedy,Aleg,b094ccd670a324f07f7895b96c6f3c0ae5eb5c38
523,Ibrahim,Gehrtz,igehrtzei@facebook.com,Agender,Crime|Drama|Film-Noir,Tennō,0186cffd9060e7cab2709ef5307106a0a6dc628e
524,Chiarra,Edison,cedisonej@npr.org,Male,Comedy,Vogar,aaa04e8a57ce57d34d712aa5759fce5901f13905
525,Valeda,Belfitt,vbelfittek@csmonitor.com,Non-binary,Horror,Przytyk,39932dd28d6d9d1e6c5e8f2609d21ea8643039e4
526,Emlyn,McGinty,emcgintyel@spotify.com,Polygender,Animation|Comedy,Goúvai,a56003ccf1982fc7022b9f8e2ee62aa72682eecb
527,Knox,Lindenbluth,klindenbluthem@dell.com,Polygender,Action|Crime|Drama,Jamalteca,8c6ef6bdef7d7b03ca68d8e73a6e1380263acd98
528,Esme,Kieran,ekieranen@jalbum.net,Genderqueer,Crime|Drama|Thriller,Strasbourg,60edb69cfc036007c631cafc28f054c2e60287cb
529,Madalyn,Brockie,mbrockieeo@tiny.cc,Genderfluid,Horror|Thriller,Adelaide Mail Centre,7818598f7ed5e8a581869e2beeda42b383ed2584
530,Yul,Aleksidze,yaleksidzeep@independent.co.uk,Non-binary,Action|Crime|Thriller,Sussex,1e7d4d19024d2c19596f41638a7ae47fca9d2c86
531,Alyssa,Siege,asiegeeq@yahoo.co.jp,Genderqueer,Comedy|Documentary,Paôy Pêt,57c7583183c95b1a904cc602292bf269b0c33f8d
532,Chalmers,Banaszczyk,cbanaszczyker@tinyurl.com,Genderqueer,Action|Comedy|Mystery|Romance,Hörby,c6638a3a32444f08c6b23fa07512b20173055c4c
533,Godfry,Feeny,gfeenyes@go.com,Genderfluid,Drama,Jianjiang,2b4cd8ddd9b29101fa0798ebf666e9e6a8219bd0
534,Ilyse,Roobottom,iroobottomet@amazon.co.jp,Genderqueer,Comedy|Fantasy,Xinji,8dcbe6c22e2b0aad2b20c3ccbabbf719ef674c91
535,Margaretta,Peers,mpeerseu@opera.com,Agender,Horror|Sci-Fi,Pevek,9015b482a97946db0b7d61e587c1b41ec1675594
536,Rory,Coucha,rcouchaev@google.it,Genderqueer,Crime|Drama,Shahr-e Qods,63a5cf5db57bc66457decaf5298ed64669f65e2a
537,Buck,Bevan,bbevanew@aboutads.info,Genderqueer,Comedy,Yunping,a6f8531edfd5b62a4fa82e60bed90cf7c5bddfad
538,Micaela,Christofe,mchristofeex@opensource.org,Genderqueer,Adventure|Animation|Children|Comedy,Oskarshamn,216f2e0171ff2f34e2a07419088fa993d30e0fc8
539,Joseito,Durrand,jdurrandey@sakura.ne.jp,Female,Horror|Mystery|Sci-Fi|Thriller,Boston,b37543b10405ef75f2e03f5317c14ef5ba2d5eeb
540,Bobbee,Vaughan-Hughes,bvaughanhughesez@ovh.net,Female,Comedy|Drama,La Foa,7fe95c3209a92e6c6380eef299c1986e99a2a4f9
541,Brigham,Zelake,bzelakef0@goo.gl,Bigender,Film-Noir|Mystery,Châlons-en-Champagne,d1a72b0949f95ec26655522b82fa348686b628d7
542,Etienne,Lauthian,elauthianf1@lycos.com,Bigender,Documentary,Pristina,51c418cded99257d0c74860cdd0c9a32eee89914
543,Madonna,Challinor,mchallinorf2@squarespace.com,Non-binary,Documentary,Acheng,7063dbc8276f282fff7086529f1081d03ce9bd53
544,Fernanda,Farn,ffarnf3@jiathis.com,Genderqueer,Comedy|Horror|Thriller,Labansari,92dd2ce6669dc31142352b4615998d29b0f3a5e8
545,Haleigh,McArthur,hmcarthurf4@hhs.gov,Non-binary,Drama,Qarqania,d1f05361f475eb0bf6bb8180265faa6bb315e699
546,Janice,Clench,jclenchf5@github.com,Non-binary,Documentary,Krajan,8352542fa6ca33f9c978e86158a375e98f910a5f
547,Donelle,Agnew,dagnewf6@kickstarter.com,Bigender,Drama|Romance,Aksu,dbae2ccdaef45700953088ac4b20dde8f11a32ec
548,Travers,Ogilvie,togilvief7@i2i.jp,Bigender,Crime|Thriller,Boston,5e77914d947ddabe42ef28b39233eeb45344024c
549,Cindie,Prando,cprandof8@indiatimes.com,Polygender,Horror,Wuṯahpūr,db0a20bdd5cddfe857f1b7f4f0a8d34f3de07d81
550,Annis,Bamfield,abamfieldf9@flavors.me,Genderqueer,Action|Sci-Fi|Thriller,Gracias,d9187f5177642ca69a57fa4d672162be7e0d99f3
551,Killian,Dusting,kdustingfa@eventbrite.com,Genderqueer,Drama|Fantasy,Tambaú,23b723cd1d4656955b074c93f42b084be2bd6415
552,Panchito,Hawse,phawsefb@typepad.com,Polygender,Drama|Musical,Kabor,cd5240029e184d975216d0ee15315c5e3eee11bf
553,Nobe,Goffe,ngoffefc@blog.com,Female,Adventure|Fantasy|Film-Noir|Mystery|Sci-Fi,Suifenhe,4e7a34382f4a48850d32b82731478ff3bb6c94fe
554,Hobart,Dalgarnowch,hdalgarnowchfd@wired.com,Agender,Comedy|Drama|Romance,Mionica,e2742b30bac50b58b09c2bbc8c3d24897605bc9c
555,Kip,Chatan,kchatanfe@elpais.com,Polygender,Drama,Slobodskoy,3278fe0f529c22ca2c4cb64dce83f171d0ea42ea
556,Claudian,Hames,chamesff@webmd.com,Polygender,Horror|Thriller|War,Lyon,99a0b13f849bd76f03c6a2516335840c316fc7fc
557,Milt,Janic,mjanicfg@mayoclinic.com,Agender,Action|Romance|Western,Lago da Pedra,0968be16ac594b4b33dd682916b0c6131929b91c
558,Ursala,Rickarsey,urickarseyfh@ameblo.jp,Bigender,Drama|Romance,Ganping,9523104797d59544da1fb91724cbdc10fc04e69f
559,Kelley,L'Archer,klarcherfi@adobe.com,Female,Comedy|Drama,Nachalovo,974be475ebbeee4bc101fbb21369ef78ce23d6a9
560,Cobb,Chrstine,cchrstinefj@furl.net,Non-binary,Drama|Fantasy|Horror,Xiaoguan,8540b7ebc8404b0beedfba29ccbd6bc236c8cfc5
561,Tannie,Hulse,thulsefk@hostgator.com,Agender,Horror|Thriller,Yushu,ec3c1c0ed5516bd91b77332890b16a7d00e85150
562,Quinta,Macbeth,qmacbethfl@hibu.com,Bigender,Drama,Chuangye,1cc248549c4d5f3b2cc77f6bfb0257acc9dad602
563,Shane,Rexworthy,srexworthyfm@intel.com,Male,Drama,Barakī Barak,73663746c26ae718118de70a23748d9bc4a31b75
564,Karina,Squibbs,ksquibbsfn@dailymail.co.uk,Polygender,Horror|Sci-Fi,Shanglu,56810e3df6eb08eb17a313a7eeab273a8f4fc795
565,Quentin,Ferronel,qferronelfo@stumbleupon.com,Bigender,Comedy|Drama|Mystery|Romance|Thriller,Fresnes,6570441b782a5d3c076bf17c20b794f12d4c9730
566,Rhea,Lehrahan,rlehrahanfp@goo.ne.jp,Genderfluid,Adventure|Drama|Fantasy,Baipenzhu,9db63bc5883ab093b82d2be51e1cfaa77d2b637c
567,Ulrikaumeko,Kinzel,ukinzelfq@furl.net,Genderqueer,Crime|Drama|Thriller,Sahavato,ef8fbe0718e411b74f222610ecdba65f31c996dc
568,Cornelius,Dilleston,cdillestonfr@theatlantic.com,Female,Action|Adventure|Drama|Thriller,San Pa Tong,4658a7ade08b79572872e13d2480ed530b5a2071
569,Neron,Ianno,niannofs@technorati.com,Non-binary,Comedy|Horror,Kemiri Daya,adb205b6d00764228d322797ddcf4d57c55469e1
570,Philly,McAtamney,pmcatamneyft@mac.com,Agender,Action|Comedy,Columbia,0c4a6b23fcc67a7baabc182b4251b76b4c273df8
571,Darci,Sugge,dsuggefu@craigslist.org,Female,Comedy|Drama|Romance,Owo,80a3586628fbe700ed06c867162fef78c38a7a05
572,Rozella,Clemot,rclemotfv@chicagotribune.com,Genderfluid,Action|Crime|Drama,Himanka,0f562cd55cd0d595bba6c7b8830306972af60412
573,Babb,Attrill,battrillfw@earthlink.net,Polygender,Crime|Drama|Thriller,Toba,16a0866a4893669f775865328f54d6af8484d13e
574,Ira,Brislan,ibrislanfx@epa.gov,Polygender,Drama|Thriller,Manicahan,c06530a60293078b41d32d5bbc024e7e89fe7432
575,Raymond,Canti,rcantify@unesco.org,Genderqueer,Animation|Documentary,Ingå,241442d419a94f918261699027e88a2f4892dbd3
576,Darryl,Goadsby,dgoadsbyfz@skype.com,Male,Drama|Fantasy|Romance,Romba,154b76241677f87fd8df28aa0b3a58259da91b0b
577,Rafa,Manketell,rmanketellg0@mapquest.com,Non-binary,Action|Animation|Children|Sci-Fi,Sugihan,14117eefb73cc9d2fe16c45286caca3de4a498fa
578,Robena,O'Cleary,roclearyg1@opera.com,Genderfluid,Documentary,Montague,be081e35a9cb95b37782946e30be6aca4bebbadc
579,Rudolph,Lindenstrauss,rlindenstraussg2@yandex.ru,Genderqueer,Mystery|Romance|Thriller,Santo Niño,9ed08d714466459764684f99e79704fd0ce84d60
580,Penrod,Baack,pbaackg3@unblog.fr,Non-binary,Drama,Morohongō,0554170eddde71f8ef8cf4edf0812027dac416c3
581,Margette,Gillfillan,mgillfillang4@geocities.com,Agender,Documentary,Shabo,eb6b60acb4a86dc76f5dd278f116729866344f5c
582,Pauline,Slane,pslaneg5@reddit.com,Bigender,Action|Crime,Ugljevik,c28ce869cb1e14e10b2a291eeb5e048d57670c1b
583,Ivie,Mole,imoleg6@drupal.org,Genderfluid,Drama|Horror|Mystery,Puerto Alto,7ba14f0139f5df727faf33ad9b060bf67c63ae29
584,Madeline,Roseborough,mroseboroughg7@pagesperso-orange.fr,Genderqueer,Comedy|Drama|Romance,Nizhnyaya Omka,967908d6eb1c9c1464ab5ecf67137bb49a94d0cb
585,Codi,Soanes,csoanesg8@narod.ru,Polygender,Drama|Musical|Romance,Chita,d941b8bdbb659698f57a779bcd81af09e1ef1a47
586,Joya,Stodhart,jstodhartg9@plala.or.jp,Polygender,Documentary,Huagu,3a00593580b7acbcdcedeff368194b03a3d32230
587,Koral,Gillian,kgillianga@ucsd.edu,Genderfluid,Drama|Horror|Thriller,Yulin,8c52de95a317edcbf2f2060c959fb52a2800a2a8
588,Jamal,Manoch,jmanochgb@merriam-webster.com,Genderfluid,Crime|Horror|Mystery,Pau,8bce8188f0d9d00c02d49cc891d1fab52a9c13b0
589,Marv,Alvarado,malvaradogc@trellian.com,Agender,Comedy|Romance,Zhuangxing,681ccec6aba60bd1ecfa5be8861fe2a074728e62
590,Kelci,Lamond,klamondgd@furl.net,Bigender,Action,Kamyshin,638962f34fd2981b6df4c7069d0719af7ddb78f6
591,Marji,Tabard,mtabardge@time.com,Polygender,Comedy|Drama,Herzliyya,c3dc873ca78ff254da9019ffd78efe63f3dd051f
592,Clem,Ashdown,cashdowngf@forbes.com,Male,Thriller,Sidomukti,6157b3e9886adeaf91017e70cf3ff8b7bb9b24c3
593,Marjorie,Corness,mcornessgg@house.gov,Polygender,Adventure|Drama|Thriller,Bulan,65a298bda0575eeb15a0be08d5f7692fd04563b9
594,Lamond,Greenrod,lgreenrodgh@globo.com,Non-binary,Drama,Goragorskiy,d9fa0546d57319fbe83f730df646c97303098e11
595,Suzy,Parratt,sparrattgi@dedecms.com,Polygender,Documentary,Sandaogou,58e9971a315a37c2850fd8103b1d48035ad139b0
596,Sher,Dunnet,sdunnetgj@naver.com,Bigender,Drama|Romance|Thriller,Bieliny,8dc4ab00eab34852bbaff6a5598295d2386e8cf0
597,Audry,Gordon-Giles,agordongilesgk@fema.gov,Polygender,Drama,Chitungwiza,2ba9038ad6e63a8c77afa5179d71d9e3e04461ac
598,Alis,Stayte,astaytegl@bizjournals.com,Female,Action|Drama|Mystery|Thriller|War,Yinjiang,7d293c72c8defa5adf2f84814ed0c46a3ca23c28
599,Damon,Heart,dheartgm@eepurl.com,Genderqueer,Crime|Drama|Horror,Wudui,74919310e0c255ca2f43dea759e1406fc463ebbc
600,Christalle,Offa,coffagn@home.pl,Genderqueer,Comedy|Romance,Xiaping,c676abc151b391b3aebf65bbb168cb48be6692ca
601,Dorita,McCart,dmccartgo@apache.org,Genderfluid,Comedy|Horror|Mystery|Sci-Fi,Huizhai,51039a93d464298d13b192ba64d3f26e2cc732ca
602,Alysia,Swyre,aswyregp@webmd.com,Female,Action|Adventure|Thriller,Fareydūnshahr,9907f8a101ea55b20812df7c3e6d7e9ce8dff950
603,Winfred,Tappington,wtappingtongq@harvard.edu,Male,Romance|Sci-Fi|Thriller,Antofagasta,9fe7a917a50d43f9d0287d32069c7640015bb3f4
604,Lacy,Sannes,lsannesgr@chron.com,Polygender,Horror|Sci-Fi|Thriller,Houxiang,be60f58db0dea8e9d832355768c8b1aa12458101
605,Zaccaria,Rands,zrandsgs@washington.edu,Bigender,Comedy|Drama|Musical|Romance,Baoxu,7f12dd603ae40e58f8a9cd84dd93126a64a6f0f7
606,Malinda,Breming,mbreminggt@cbc.ca,Genderqueer,Action|Adventure|Drama|Romance|War,Nikol’sk,b3dedf6c696ef96f186bf611f011f8a908fdf011
607,Sarina,Insall,sinsallgu@angelfire.com,Non-binary,Comedy|Drama,Xianqiao,403eaca2f436fb1ddd0e0d2ecc8da4e8f5b487ad
608,Cynthea,Bezemer,cbezemergv@amazon.co.jp,Female,Drama,Verkhozim,e9714dca00057f0062b063b287290ec74f564913
609,Jeffy,Duligall,jduligallgw@npr.org,Bigender,Comedy,Salima,63dae8b7894ffab85d4a6d9d99a3989c94d3efaf
610,Car,Labbey,clabbeygx@chronoengine.com,Agender,Crime|Drama|Film-Noir,Concepción,f66f7f52d38bee7795dd4f849f390aab5b8653ff
611,Harmonia,MacCahey,hmaccaheygy@cam.ac.uk,Genderfluid,Action|War,Seulimeum,6731ccdd718d9567ff9c2761a7eb562feb18e9bf
612,Homerus,Archbutt,harchbuttgz@aol.com,Genderfluid,Drama|Romance,Xianshuigu,a05a08697a2d381aa70f6e871d5bb97d5e723d2d
613,Keven,Josovich,kjosovichh0@friendfeed.com,Polygender,Drama,Bodzanów,46ccf40d60b4daddf3dc353b2553a4c70cba8a4d
614,Betti,Hulke,bhulkeh1@walmart.com,Genderqueer,Action|Adventure|War,Phanna Nikhom,963bdd099b283b187bebc8d4cbb6a215823650d2
615,Romonda,Bennoe,rbennoeh2@xing.com,Female,Drama,Gandoang,82b36361aefc5713618635b562391f3001e641e7
616,Gerti,Toppin,gtoppinh3@guardian.co.uk,Genderqueer,Comedy|Drama,Golacir,8517515b066735a6d1b5e503e19a69b5d0ff2c9d
617,Dianemarie,Bertholin,dbertholinh4@noaa.gov,Genderqueer,Comedy|Drama,La Ceja,27abb7b680050d0ace151c144e120a2f6354b8bd
618,Crosby,Gooderidge,cgooderidgeh5@simplemachines.org,Non-binary,Drama,Banaran,c2853db28092a5f7f6519c62869db23bd743f3c0
619,Kennith,D'eye,kdeyeh6@bing.com,Agender,Action|Comedy|Romance,Jonava,fb66ba218319dbcf23955f63d51df5c19d0c0e44
620,Ag,McCormack,amccormackh7@apache.org,Polygender,Drama,Parzęczew,002b43ad5db8975114f25c155f64c8cbe92e42d1
621,Powell,Tregensoe,ptregensoeh8@walmart.com,Genderfluid,Horror|Thriller,Saint-Ouen,ece12eea8c211e0b730b83ed12b39dcb5b2c506d
622,Lois,Cuardall,lcuardallh9@wp.com,Polygender,Action|Thriller,Kista,61693d0a144511ebc8d11d78b32a22e767112edc
623,Syd,Shelly,sshellyha@java.com,Agender,Adventure|Animation|Comedy,Paka,ec90c5bed7a57f1ca5039d63576b19dd1532ff07
624,Nanette,Iacovini,niacovinihb@t.co,Polygender,Drama,Mori,a2cef5dd1d755d222ae367343cbe2defe2e165cd
625,Ayn,Troak,atroakhc@nsw.gov.au,Polygender,Drama,Horvati,759d0d1d16581e666b869ad226c9b232ee8b70a6
626,Harriett,Ayerst,hayersthd@answers.com,Agender,Comedy,Nong Muang,ba1c14cc5a33027d9043bb2550fc8bbceade7382
627,Bennie,Minchindon,bminchindonhe@nbcnews.com,Agender,Comedy,Cilegong,66750a37e4426c2cc5b9cb34ba2154fc7b21a29d
628,Maryjo,Hows,mhowshf@cargocollective.com,Genderqueer,Drama|Mystery|War,Al Manshāh,c6cf7a413b8fc626f107019b9f2000208861925f
629,Trumann,Banbrick,tbanbrickhg@thetimes.co.uk,Polygender,Comedy|Drama,Borik,08cbce64559a5d940b09a1a02a3fa72e9d7af08d
630,Freedman,Blacklock,fblacklockhh@nytimes.com,Genderqueer,Drama|Romance|War,Dzüünbulag,fd179d6ea036ab4e87d085595abaec234ebaf736
631,Bradley,Lysons,blysonshi@youtube.com,Female,Documentary,Novotitarovskaya,5017782f9fde5031f8dd25865b3e4a89f1a070ac
632,Grove,Wetter,gwetterhj@princeton.edu,Polygender,Horror|Mystery|Thriller,Würzburg,c387a25f675895dafff62a39dc9ef665f2c4e258
633,Cherish,Cockshut,ccockshuthk@ihg.com,Genderfluid,Comedy|Sci-Fi,Czerwionka-Leszczyny,e13c0e58eaa220914ceb3aa78373b04bf1f8c53c
634,Darline,Dun,ddunhl@columbia.edu,Non-binary,Action|Sci-Fi|Thriller,Manhumirim,54d1654a6874255d9216b1ce8f4718c685742aae
635,Maximilianus,Goldspink,mgoldspinkhm@geocities.com,Genderqueer,Drama|Romance,Imrīsh,6025f159398d9f6106defa3cbcd49027609715cb
636,Zacharie,England,zenglandhn@state.tx.us,Male,Drama|War,Asamankese,2aa77959bc9b0c3569ddfa2bacd859c680af299a
637,Kym,Bowling,kbowlingho@mtv.com,Non-binary,Comedy,Shaydon,19dceadab5927ce02876a05270419e61b03cfccf
638,Evelina,Trubshawe,etrubshawehp@vinaora.com,Genderqueer,Mystery|Thriller,Huaiya,186ca04acdc15406a59d9f2257d556a4404268ba
639,Goran,Fairney,gfairneyhq@gizmodo.com,Bigender,Drama,Emmaboda,2b3f9aa5bfe69c9fe5fe81c87dfa18e5d613c887
640,Dot,Heyns,dheynshr@mediafire.com,Bigender,Drama|Horror|Mystery|Thriller,Salt Lake City,5d6b6b1e31cd7198ef3756e27a9b328a7aea8d76
641,Jeannine,Smeal,jsmealhs@jugem.jp,Female,Drama,Bader,bc08d66fca72299426abc709c00dba743e80997e
642,Sunny,Krug,skrught@army.mil,Non-binary,Crime|Drama|Mystery|Thriller,Leceia,c77340cea824d5f6ba1d42853e3616bcb165c67a
643,Brewster,Golbourn,bgolbournhu@icio.us,Genderfluid,Drama|War,Örebro,2de5b2a1e60c8f17bc937ff5b6866cb3bc35c559
644,Iggy,Sands-Allan,isandsallanhv@ow.ly,Female,Comedy|Crime|Mystery|Thriller,Yushanpu,ced40d63338787af5707791e09b79074a441bd1b
645,Blinni,Campo,bcampohw@census.gov,Female,(no genres listed),Colares,455be4a66670339503a2b488cd5ae0f1141666cd
646,Peggy,Petchell,ppetchellhx@tumblr.com,Non-binary,Drama,Lingdong,8aea39d413712f4f31c43e4d37ac52aa7b4a89d2
647,Georgeta,Wordington,gwordingtonhy@1und1.de,Genderqueer,Drama|Horror|Mystery|Thriller,Maraã,8c36a99ade4a21778c07a77647c8a3b6ea93d2cb
648,Dunc,Hiland,dhilandhz@flavors.me,Male,Comedy|Romance,Tuusniemi,77caf546d4e529fd5616a1288fa97aa40b4f01f6
649,Brockie,Dimmock,bdimmocki0@jalbum.net,Agender,Drama|Film-Noir,San Francisco,699caba08700051dea13ab0d733a428a9bc3daf0
650,Briney,Adess,badessi1@walmart.com,Female,Comedy|Drama|Fantasy,Suresnes,83c22c8d8af892d55edb9b29ef66305f8eabd378
651,Sully,Westcarr,swestcarri2@phpbb.com,Non-binary,Action|Drama,Kano,453ecda0dd8d89d1fc1d3ac10740cd35b8c08bd7
652,Sella,Beynke,sbeynkei3@ycombinator.com,Agender,Drama|Sci-Fi,Bajo Pichanaqui,6784efd1052856411cd11c8a79ecf4a2d43d7bc9
653,Ram,Albury,ralburyi4@nsw.gov.au,Polygender,Comedy,Guanba,3fe2c6904eace0512fb14b65102d3f4386dee833
654,Cletis,Dana,cdanai5@nature.com,Non-binary,Drama|War,Askersund,8b19e434d5152787884db06b3bea6f279838aace
655,Sande,Radnage,sradnagei6@booking.com,Non-binary,Mystery|Thriller,Ar Rahad,bd7c290cb41860c62b440b2c4b73d28ffce4a803
656,Carin,Okker,cokkeri7@xrea.com,Genderqueer,Horror|Thriller,Cincinnati,1fa6a20d35b02131c212b798b065d0338a4c57b8
657,Waylen,Christofol,wchristofoli8@yahoo.co.jp,Bigender,Comedy|Drama,Husów,6fcc8f817dec6365318e5f28060a538cdd4e53fa
658,Arron,McCallam,amccallami9@creativecommons.org,Polygender,Film-Noir|Thriller,Bù Đốp,a06d795fdc0e4483b5d66fc1354c637777625178
659,Cassie,Keymer,ckeymeria@sohu.com,Agender,Thriller,Alurbulu,a8212adbeaa221f066af966bfb9f3184fe43267b
660,Ali,Seif,aseifib@goo.gl,Agender,Action|Sci-Fi|Thriller,Xidoupu,e9ae824349484e9b5a2c1cc9a6183467adb7ec89
661,Lilia,Marple,lmarpleic@mozilla.com,Agender,Crime|Drama,Xuhui,de645eddb76d1e3da7b6c9f55c58d80ad02d8138
662,Livvie,Stobbie,lstobbieid@bbb.org,Female,Action|